"Longitude (x)","Latitude (y)","Station Name","Climate ID","Date/Time","Year","Month","Mean Max Temp (°C)","Mean Max Temp Flag","Mean Min Temp (°C)","Mean Min Temp Flag","Mean Temp (°C)","Mean Temp Flag","Extr Max Temp (°C)","Extr Max Temp Flag","Extr Min Temp (°C)","Extr Min Temp Flag","Total Rain (mm)","Total Rain Flag","Total Snow (cm)","Total Snow Flag","Total Precip (mm)","Total Precip Flag","Snow Grnd Last Day (cm)","Snow Grnd Last Day Flag","Dir of Max Gust (10's deg)","Dir of Max Gust Flag","Spd of Max Gust (km/h)","Spd of Max Gust Flag"
"-82.67","42.04","KINGSVILLE MOE","6134190","1960-01","1960","01","","","","","","","","","","","","M","","M","","M","","M","","","",""
"-82.67","42.04","KINGSVILLE MOE","6134190","1960-02","1960","02","","","","","","","","","","","","M","","M","","M","","M","","","",""
"-82.67","42.04","KINGSVILLE MOE","6134190","1960-03","1960","03","","","","","","","","","","","","M","","M","","M","","M","","","",""
"-82.67","42.04","KINGSVILLE MOE","6134190","1960-04","1960","04","","","","","","","","","","","","M","","M","","M","","M","","","",""
"-82.67","42.04","KINGSVILLE MOE","6134190","1960-05","1960","05","","","","","","","","","","","","M","","M","","M","","M","","","",""
"-82.67","42.04","KINGSVILLE MOE","6134190","1960-06","1960","06","","","","","","","","","","","","M","","M","","M","","M","","","",""
"-82.67","42.04","KINGSVILLE MOE","6134190","1960-07","1960","07","","","","","","","","","","","","M","","M","","M","","M","","","",""
"-82.67","42.04","KINGSVILLE MOE","6134190","1960-08","1960","08","","","","","","","","","","","","M","","M","","M","","M","","","",""
"-82.67","42.04","KINGSVILLE MOE","6134190","1960-09","1960","09","","","","","","","","","","","","M","","M","","M","","M","","","",""
"-82.67","42.04","KINGSVILLE MOE","6134190","1960-10","1960","10","","","","","","","","","","","30.2","","0.0","","30.2","","","M","","","",""
"-82.67","42.04","KINGSVILLE MOE","6134190","1960-11","1960","11","","","","","","","","","","","24.6","","0.0","T","24.6","","","M","","","",""
"-82.67","42.04","KINGSVILLE MOE","6134190","1960-12","1960","12","","","","","","","","","","","2.0","","17.3","","19.3","","0","T","","","",""
"-82.67","42.04","KINGSVILLE MOE","6134190","1961-01","1961","01","","","","","","","","","","","0.0","T","5.1","","5.1","","3","","","","",""
"-82.67","42.04","KINGSVILLE MOE","6134190","1961-02","1961","02","","","","","","","","","","","69.9","","10.2","","80.0","","","M","","","",""
"-82.67","42.04","KINGSVILLE MOE","6134190","1961-03","1961","03","","","","","","","","","","","51.8","","0.0","T","51.8","","","M","","","",""
"-82.67","42.04","KINGSVILLE MOE","6134190","1961-04","1961","04","","","","","","","","","","","145.8","","15.0","","160.8","","","M","","","",""
"-82.67","42.04","KINGSVILLE MOE","6134190","1961-05","1961","05","","","","","","","","","","","44.5","","0.0","","44.5","","","M","","","",""
"-82.67","42.04","KINGSVILLE MOE","6134190","1961-06","1961","06","","","","","","","","","","","61.2","","0.0","","61.2","","","M","","","",""
"-82.67","42.04","KINGSVILLE MOE","6134190","1961-07","1961","07","","","","","","","","","","","32.3","","0.0","","32.3","","","M","","","",""
"-82.67","42.04","KINGSVILLE MOE","6134190","1961-08","1961","08","","","","","","","","","","","","M","0.0","","","M","","M","","","",""
"-82.67","42.04","KINGSVILLE MOE","6134190","1961-09","1961","09","","","","","","","","","","","","M","0.0","","","M","","M","","","",""
"-82.67","42.04","KINGSVILLE MOE","6134190","1961-10","1961","10","","","","","","","","","","","","M","0.0","","","M","","M","","","",""
"-82.67","42.04","KINGSVILLE MOE","6134190","1961-11","1961","11","","","","","","","","","","","62.7","","1.3","","64.0","","0","","","","",""
"-82.67","42.04","KINGSVILLE MOE","6134190","1961-12","1961","12","","","","","","","","","","","14.5","","25.9","","40.4","","","M","","","",""
"-82.67","42.04","KINGSVILLE MOE","6134190","1962-01","1962","01","","","","","","","","","","","37.6","","34.8","","72.4","","","M","","","",""
"-82.67","42.04","KINGSVILLE MOE","6134190","1962-02","1962","02","","","","","","","","","","","24.6","","65.5","","90.2","","","M","","","",""
"-82.67","42.04","KINGSVILLE MOE","6134190","1962-03","1962","03","","","","","","","","","","","31.0","","3.0","","34.0","","0","","","","",""
"-82.67","42.04","KINGSVILLE MOE","6134190","1962-04","1962","04","","","","","","","","","","","31.8","","0.0","T","31.8","","0","","","","",""
"-82.67","42.04","KINGSVILLE MOE","6134190","1962-05","1962","05","","","","","","","","","","","32.5","","0.0","","32.5","","0","","","","",""
"-82.67","42.04","KINGSVILLE MOE","6134190","1962-06","1962","06","","","","","","","","","","","65.8","","0.0","","65.8","","0","","","","",""
"-82.67","42.04","KINGSVILLE MOE","6134190","1962-07","1962","07","","","","","","","","","","","127.5","","0.0","","127.5","","0","","","","",""
"-82.67","42.04","KINGSVILLE MOE","6134190","1962-08","1962","08","","","","","","","","","","","93.2","","0.0","","93.2","","0","","","","",""
"-82.67","42.04","KINGSVILLE MOE","6134190","1962-09","1962","09","","","","","","","","","","","71.9","","0.0","","71.9","","0","","","","",""
"-82.67","42.04","KINGSVILLE MOE","6134190","1962-10","1962","10","","","","","","","","","","","39.4","","0.0","T","39.4","","0","","","","",""
"-82.67","42.04","KINGSVILLE MOE","6134190","1962-11","1962","11","","","","","","","","","","","67.8","","1.5","","69.3","","0","","","","",""
"-82.67","42.04","KINGSVILLE MOE","6134190","1962-12","1962","12","","","","","","","","","","","2.5","","33.0","","35.6","","","M","","","",""
"-82.67","42.04","KINGSVILLE MOE","6134190","1963-01","1963","01","","","","","","","","","","","1.0","","","M","","M","","M","","","",""
"-82.67","42.04","KINGSVILLE MOE","6134190","1963-02","1963","02","","","","","","","","","","","8.4","","20.3","","28.7","","","M","","","",""
"-82.67","42.04","KINGSVILLE MOE","6134190","1963-03","1963","03","","","","","","","","","","","81.0","","12.4","","93.5","","0","","","","",""
"-82.67","42.04","KINGSVILLE MOE","6134190","1963-04","1963","04","","","","","","","","","","","81.0","","0.0","T","81.0","","0","","","","",""
"-82.67","42.04","KINGSVILLE MOE","6134190","1963-05","1963","05","","","","","","","","","","","37.3","","0.0","","37.3","","0","","","","",""
"-82.67","42.04","KINGSVILLE MOE","6134190","1963-06","1963","06","","","","","","","","","","","69.3","","0.0","","69.3","","0","","","","",""
"-82.67","42.04","KINGSVILLE MOE","6134190","1963-07","1963","07","","","","","","","","","","","56.4","","0.0","","56.4","","0","","","","",""
"-82.67","42.04","KINGSVILLE MOE","6134190","1963-08","1963","08","","","","","","","","","","","42.7","","0.0","","42.7","","0","","","","",""
"-82.67","42.04","KINGSVILLE MOE","6134190","1963-09","1963","09","","","","","","","","","","","33.5","","0.0","","33.5","","0","","","","",""
"-82.67","42.04","KINGSVILLE MOE","6134190","1963-10","1963","10","","","","","","","","","","","25.7","","0.0","","25.7","","0","","","","",""
"-82.67","42.04","KINGSVILLE MOE","6134190","1963-11","1963","11","","","","","","","","","","","25.9","","0.0","","25.9","","0","","","","",""
"-82.67","42.04","KINGSVILLE MOE","6134190","1963-12","1963","12","","","","","","","","","","","0.0","","42.7","","42.7","","","M","","","",""
"-82.67","42.04","KINGSVILLE MOE","6134190","1964-01","1964","01","","","","","","","","","","","52.1","","19.6","","71.6","","","M","","","",""
"-82.67","42.04","KINGSVILLE MOE","6134190","1964-02","1964","02","","","","","","","","","","","8.6","","16.0","","24.6","","","M","","","",""
"-82.67","42.04","KINGSVILLE MOE","6134190","1964-03","1964","03","","","","","","","","","","","72.9","","24.1","","97.0","","","M","","","",""
"-82.67","42.04","KINGSVILLE MOE","6134190","1964-04","1964","04","","","","","","","","","","","122.2","","0.0","T","122.2","","0","","","","",""
"-82.67","42.04","KINGSVILLE MOE","6134190","1964-05","1964","05","","","","","","","","","","","41.9","","0.0","","41.9","","0","","","","",""
"-82.67","42.04","KINGSVILLE MOE","6134190","1964-06","1964","06","","","","","","","","","","","","M","0.0","","","M","0","","","","",""
"-82.67","42.04","KINGSVILLE MOE","6134190","1964-07","1964","07","","","","","","","","","","","41.4","","0.0","","41.4","","0","","","","",""
"-82.67","42.04","KINGSVILLE MOE","6134190","1964-08","1964","08","","","","","","","","","","","154.9","","0.0","","154.9","","0","","","","",""
"-82.67","42.04","KINGSVILLE MOE","6134190","1964-09","1964","09","","","","","","","","","","","37.1","","0.0","","37.1","","0","","","","",""
"-82.67","42.04","KINGSVILLE MOE","6134190","1964-10","1964","10","","","","","","","","","","","9.1","","0.0","","9.1","","0","","","","",""
"-82.67","42.04","KINGSVILLE MOE","6134190","1964-11","1964","11","","","","","","","","","","","25.1","","10.2","","35.3","","0","","","","",""
"-82.67","42.04","KINGSVILLE MOE","6134190","1964-12","1964","12","","","","","","","","","","","57.9","","37.8","","95.8","","0","","","","",""
"-82.67","42.04","KINGSVILLE MOE","6134190","1965-01","1965","01","","","","","","","","","","","71.6","","34.3","","105.9","","","M","","","",""
"-82.67","42.04","KINGSVILLE MOE","6134190","1965-02","1965","02","","","","","","","","","","","36.3","","42.7","","79.0","","","M","","","",""
"-82.67","42.04","KINGSVILLE MOE","6134190","1965-03","1965","03","","","","","","","","","","","40.9","","23.9","","64.8","","","M","","","",""
"-82.67","42.04","KINGSVILLE MOE","6134190","1965-04","1965","04","","","","","","","","","","","41.4","","2.5","","43.9","","0","","","","",""
"-82.67","42.04","KINGSVILLE MOE","6134190","1965-05","1965","05","","","","","","","","","","","74.2","","0.0","","74.2","","0","","","","",""
"-82.67","42.04","KINGSVILLE MOE","6134190","1965-06","1965","06","","","","","","","","","","","40.6","","0.0","","40.6","","0","","","","",""
"-82.67","42.04","KINGSVILLE MOE","6134190","1965-07","1965","07","","","","","","","","","","","56.6","","0.0","","56.6","","0","","","","",""
"-82.67","42.04","KINGSVILLE MOE","6134190","1965-08","1965","08","","","","","","","","","","","98.0","","0.0","","98.0","","0","","","","",""
"-82.67","42.04","KINGSVILLE MOE","6134190","1965-09","1965","09","","","","","","","","","","","70.6","","0.0","","70.6","","0","","","","",""
"-82.67","42.04","KINGSVILLE MOE","6134190","1965-10","1965","10","","","","","","","","","","","81.0","","0.0","T","81.0","","0","","","","",""
"-82.67","42.04","KINGSVILLE MOE","6134190","1965-11","1965","11","","","","","","","","","","","31.5","","0.0","T","31.5","","0","","","","",""
"-82.67","42.04","KINGSVILLE MOE","6134190","1965-12","1965","12","","","","","","","","","","","93.5","","3.3","","96.8","","0","","","","",""
"-82.67","42.04","KINGSVILLE MOE","6134190","1966-01","1966","01","","","","","","","","","","","2.8","","7.6","","10.4","","","M","","","",""
"-82.67","42.04","KINGSVILLE MOE","6134190","1966-02","1966","02","","","","","","","","","","","46.5","","9.1","","55.6","","","M","","","",""
"-82.67","42.04","KINGSVILLE MOE","6134190","1966-03","1966","03","","","","","","","","","","","33.3","","7.6","","40.9","","","M","","","",""
"-82.67","42.04","KINGSVILLE MOE","6134190","1966-04","1966","04","","","","","","","","","","","101.6","","0.0","T","101.6","","0","","","","",""
"-82.67","42.04","KINGSVILLE MOE","6134190","1966-05","1966","05","","","","","","","","","","","46.2","","0.0","","46.2","","0","","","","",""
"-82.67","42.04","KINGSVILLE MOE","6134190","1966-06","1966","06","","","","","","","","","","","100.1","","0.0","","100.1","","0","","","","",""
"-82.67","42.04","KINGSVILLE MOE","6134190","1966-07","1966","07","","","","","","","","","","","149.1","","0.0","","149.1","","0","","","","",""
"-82.67","42.04","KINGSVILLE MOE","6134190","1966-08","1966","08","","","","","","","","","","","112.5","","0.0","","112.5","","0","","","","",""
"-82.67","42.04","KINGSVILLE MOE","6134190","1966-09","1966","09","","","","","","","","","","","55.4","","0.0","","55.4","","0","","","","",""
"-82.67","42.04","KINGSVILLE MOE","6134190","1966-10","1966","10","","","","","","","","","","","34.0","","0.0","","34.0","","0","","","","",""
"-82.67","42.04","KINGSVILLE MOE","6134190","1966-11","1966","11","","","","","","","","","","","79.8","E","32.5","E","113.0","E","","M","","","",""
"-82.67","42.04","KINGSVILLE MOE","6134190","1966-12","1966","12","","","","","","","","","","","99.3","","42.9","","142.2","","","M","","","",""
"-82.67","42.04","KINGSVILLE MOE","6134190","1967-01","1967","01","","","","","","","","","","","37.1","","16.5","","53.6","","","M","","","",""
"-82.67","42.04","KINGSVILLE MOE","6134190","1967-02","1967","02","","","","","","","","","","","14.0","","25.9","","39.9","","","M","","","",""
"-82.67","42.04","KINGSVILLE MOE","6134190","1967-03","1967","03","","","","","","","","","","","3.8","","20.3","","24.1","","0","","","","",""
"-82.67","42.04","KINGSVILLE MOE","6134190","1967-04","1967","04","","","","","","","","","","","90.2","","3.8","","94.0","","0","","","","",""
"-82.67","42.04","KINGSVILLE MOE","6134190","1967-05","1967","05","","","","","","","","","","","53.8","","0.0","","53.8","","0","","","","",""
"-82.67","42.04","KINGSVILLE MOE","6134190","1967-06","1967","06","","","","","","","","","","","72.9","","0.0","","72.9","","0","","","","",""
"-82.67","42.04","KINGSVILLE MOE","6134190","1967-07","1967","07","","","","","","","","","","","50.0","","0.0","","50.0","","0","","","","",""
"-82.67","42.04","KINGSVILLE MOE","6134190","1967-08","1967","08","","","","","","","","","","","19.8","","0.0","","19.8","","0","","","","",""
"-82.67","42.04","KINGSVILLE MOE","6134190","1967-09","1967","09","","","","","","","","","","","52.1","","0.0","","52.1","","0","","","","",""
"-82.67","42.04","KINGSVILLE MOE","6134190","1967-10","1967","10","","","","","","","","","","","76.5","","0.0","","76.5","","0","","","","",""
"-82.67","42.04","KINGSVILLE MOE","6134190","1967-11","1967","11","","","","","","","","","","","67.1","","2.5","","69.6","","","M","","","",""
"-82.67","42.04","KINGSVILLE MOE","6134190","1967-12","1967","12","","","","","","","","","","","103.6","","14.2","","117.9","","","M","","","",""
"-82.67","42.04","KINGSVILLE MOE","6134190","1968-01","1968","01","","M","","M","","M","","M","","M","48.3","","38.9","","87.1","","","M","","","",""
"-82.67","42.04","KINGSVILLE MOE","6134190","1968-02","1968","02","","M","","M","","M","","M","","M","13.5","","8.4","","21.8","","","M","","","",""
"-82.67","42.04","KINGSVILLE MOE","6134190","1968-03","1968","03","","M","","M","","M","","M","","M","25.7","","43.2","","68.8","","0","","","","",""
"-82.67","42.04","KINGSVILLE MOE","6134190","1968-04","1968","04","","M","","M","","M","","M","","M","55.4","","0.0","T","55.4","","0","","","","",""
"-82.67","42.04","KINGSVILLE MOE","6134190","1968-05","1968","05","16.3","","8.1","","12.2","","23.9","","-0.6","","155.4","E","0.0","","155.4","E","0","","","","",""
"-82.67","42.04","KINGSVILLE MOE","6134190","1968-06","1968","06","22.8","","15.0","","18.9","","29.4","","8.3","S","98.6","E","0.0","","98.6","E","0","","","","",""
"-82.67","42.04","KINGSVILLE MOE","6134190","1968-07","1968","07","25.0","","17.2","","21.1","","30.0","","11.1","","155.4","E","0.0","","155.4","E","0","","","","",""
"-82.67","42.04","KINGSVILLE MOE","6134190","1968-08","1968","08","25.4","","16.9","","21.2","","31.1","","9.4","S","43.4","","0.0","","43.4","","0","","","","",""
"-82.67","42.04","KINGSVILLE MOE","6134190","1968-09","1968","09","22.2","","14.5","","18.4","","27.2","","6.1","","58.9","","0.0","","58.9","","0","","","","",""
"-82.67","42.04","KINGSVILLE MOE","6134190","1968-10","1968","10","15.8","","7.6","","11.7","","24.4","","-1.7","","58.4","","0.0","","58.4","","0","","","","",""
"-82.67","42.04","KINGSVILLE MOE","6134190","1968-11","1968","11","7.7","","1.7","","4.7","","18.3","","-3.3","","94.2","","0.5","","94.7","","","M","","","",""
"-82.67","42.04","KINGSVILLE MOE","6134190","1968-12","1968","12","0.7","","-4.7","","-2.0","","7.8","","-12.2","","95.8","","12.7","","108.5","","","M","","","",""
"-82.67","42.04","KINGSVILLE MOE","6134190","1969-01","1969","01","-1.3","","-8.9","","-5.1","","9.4","","-18.9","S","66.8","","33.3","","100.1","","","M","","","",""
"-82.67","42.04","KINGSVILLE MOE","6134190","1969-02","1969","02","0.1","","-6.6","","-3.3","","5.0","","-12.2","","0.5","","10.2","E","10.7","E","","M","","","",""
"-82.67","42.04","KINGSVILLE MOE","6134190","1969-03","1969","03","4.3","","-4.3","","0.0","","16.1","","-15.6","","49.8","","5.1","","54.9","","0","","","","",""
"-82.67","42.04","KINGSVILLE MOE","6134190","1969-04","1969","04","12.2","","3.2","","7.7","","20.0","","-7.8","","132.8","","0.0","T","132.8","","0","","","","",""
"-82.67","42.04","KINGSVILLE MOE","6134190","1969-05","1969","05","17.4","","8.2","","12.8","","28.9","","1.7","","122.4","","0.0","","122.4","","0","","","","",""
"-82.67","42.04","KINGSVILLE MOE","6134190","1969-06","1969","06","20.6","","12.7","","16.7","","32.8","","5.0","","119.4","","0.0","","119.4","","0","","","","",""
"-82.67","42.04","KINGSVILLE MOE","6134190","1969-07","1969","07","25.1","","17.9","","21.5","","30.0","","12.8","","168.7","","0.0","","168.7","","0","","","","",""
"-82.67","42.04","KINGSVILLE MOE","6134190","1969-08","1969","08","26.4","","17.7","","22.1","","29.4","","11.1","S","34.5","","0.0","","34.5","","0","","","","",""
"-82.67","42.04","KINGSVILLE MOE","6134190","1969-09","1969","09","21.4","","13.4","","17.4","","27.8","","6.7","","62.2","","0.0","","62.2","","0","","","","",""
"-82.67","42.04","KINGSVILLE MOE","6134190","1969-10","1969","10","14.5","","6.2","","10.4","","22.2","","-3.9","","47.8","","0.0","T","47.8","","0","","","","",""
"-82.67","42.04","KINGSVILLE MOE","6134190","1969-11","1969","11","6.5","","0.8","","3.7","","12.2","S","-9.4","","95.5","","8.9","","104.4","","","M","","","",""
"-82.67","42.04","KINGSVILLE MOE","6134190","1969-12","1969","12","-0.6","","-6.2","","-3.4","","5.0","","-16.7","S","19.1","","35.6","","54.6","","","M","","","",""
"-82.67","42.04","KINGSVILLE MOE","6134190","1970-01","1970","01","-4.6","","-12.5","","-8.6","","7.8","","-21.7","S","0.5","","47.0","","47.5","","","M","","","",""
"-82.67","42.04","KINGSVILLE MOE","6134190","1970-02","1970","02","-0.6","","-9.9","","-5.3","","8.9","","-19.4","","7.4","","25.9","","33.3","","","M","","","",""
"-82.67","42.04","KINGSVILLE MOE","6134190","1970-03","1970","03","2.3","","-4.3","","-1.0","","8.9","","-12.8","","65.5","","9.4","","74.9","","","M","","","",""
"-82.67","42.04","KINGSVILLE MOE","6134190","1970-04","1970","04","12.5","","3.8","","8.2","","23.9","","-3.3","","97.8","","0.0","T","97.8","","0","","","","",""
"-82.67","42.04","KINGSVILLE MOE","6134190","1970-05","1970","05","19.2","","10.0","","14.6","","28.3","","1.7","","94.2","","0.0","","94.2","","0","","","","",""
"-82.67","42.04","KINGSVILLE MOE","6134190","1970-06","1970","06","24.3","","15.2","","19.8","","33.9","","7.8","","102.4","","0.0","","102.4","","0","","","","",""
"-82.67","42.04","KINGSVILLE MOE","6134190","1970-07","1970","07","25.7","","18.1","","21.9","","31.1","","11.1","","100.8","","0.0","","100.8","","0","","","","",""
"-82.67","42.04","KINGSVILLE MOE","6134190","1970-08","1970","08","26.9","","17.4","","22.2","","30.0","S","10.6","","13.2","","0.0","","13.2","","0","","","","",""
"-82.67","42.04","KINGSVILLE MOE","6134190","1970-09","1970","09","22.9","","14.1","","18.5","","30.0","","2.2","","77.5","","0.0","","77.5","","0","","","","",""
"-82.67","42.04","KINGSVILLE MOE","6134190","1970-10","1970","10","16.3","","8.3","","12.3","","23.3","","0.0","","65.3","","0.0","","65.3","","0","","","","",""
"-82.67","42.04","KINGSVILLE MOE","6134190","1970-11","1970","11","7.8","","2.2","","5.0","","15.6","","-8.3","","69.6","","0.0","T","69.6","","0","","","","",""
"-82.67","42.04","KINGSVILLE MOE","6134190","1970-12","1970","12","2.1","","-4.5","","-1.2","","12.8","S","-14.4","","31.2","","29.2","","60.5","","","M","","","",""
"-82.67","42.04","KINGSVILLE MOE","6134190","1971-01","1971","01","-2.6","","-10.2","","-6.4","","7.2","","-16.7","S","18.8","","23.4","","42.2","","","M","","","",""
"-82.67","42.04","KINGSVILLE MOE","6134190","1971-02","1971","02","0.2","","-6.7","","-3.3","","8.3","","-21.1","S","89.2","","23.1","","112.3","","","M","","","",""
"-82.67","42.04","KINGSVILLE MOE","6134190","1971-03","1971","03","2.9","","-4.2","","-0.7","","12.8","","-10.6","S","21.1","E","18.0","E","39.1","E","","M","","","",""
"-82.67","42.04","KINGSVILLE MOE","6134190","1971-04","1971","04","10.7","","1.2","","6.0","","20.0","","-5.6","","27.7","","0.0","T","27.7","","0","","","","",""
"-82.67","42.04","KINGSVILLE MOE","6134190","1971-05","1971","05","18.6","","8.0","","13.3","","25.0","","2.8","S","40.6","","0.0","","40.6","","0","","","","",""
"-82.67","42.04","KINGSVILLE MOE","6134190","1971-06","1971","06","24.8","","15.9","","20.4","","31.7","","7.2","","105.9","","0.0","","105.9","","0","","","","",""
"-82.67","42.04","KINGSVILLE MOE","6134190","1971-07","1971","07","26.1","","16.6","","21.4","","31.1","","10.0","","16.0","","0.0","","16.0","","0","","","","",""
"-82.67","42.04","KINGSVILLE MOE","6134190","1971-08","1971","08","25.3","","15.4","","20.4","","29.4","","8.3","","23.4","","0.0","","23.4","","0","","","","",""
"-82.67","42.04","KINGSVILLE MOE","6134190","1971-09","1971","09","23.0","","14.6","","18.8","","28.3","","5.6","","73.2","","0.0","","73.2","","0","","","","",""
"-82.67","42.04","KINGSVILLE MOE","6134190","1971-10","1971","10","18.6","","11.2","","14.9","","25.0","","3.3","","38.1","","0.0","","38.1","","","M","","","",""
"-82.67","42.04","KINGSVILLE MOE","6134190","1971-11","1971","11","7.9","","0.6","","4.3","","18.9","","-8.3","","23.6","E","7.9","","31.5","E","0","","","","",""
"-82.67","42.04","KINGSVILLE MOE","6134190","1971-12","1971","12","5.5","","-2.2","","1.7","","13.9","","-9.4","S","101.1","","2.5","","103.6","","","M","","","",""
"-82.67","42.04","KINGSVILLE MOE","6134190","1972-01","1972","01","-1.7","","-9.0","","-5.4","","6.1","","-23.9","","24.6","","21.6","","46.2","","","M","","","",""
"-82.67","42.04","KINGSVILLE MOE","6134190","1972-02","1972","02","-0.7","","-9.9","","-5.3","","7.2","","-19.4","S","17.8","","13.2","","31.0","","","M","","","",""
"-82.67","42.04","KINGSVILLE MOE","6134190","1972-03","1972","03","3.1","","-4.8","","-0.9","","14.4","","-12.8","","88.6","","2.0","","90.7","","","M","","","",""
"-82.67","42.04","KINGSVILLE MOE","6134190","1972-04","1972","04","10.4","","1.1","","5.8","","21.1","","-8.3","S","97.3","","2.5","","99.8","","0","","","","",""
"-82.67","42.04","KINGSVILLE MOE","6134190","1972-05","1972","05","19.6","","9.5","","14.6","","27.2","","1.1","","55.6","","0.0","","55.6","","0","","","","",""
"-82.67","42.04","KINGSVILLE MOE","6134190","1972-06","1972","06","21.1","","12.0","","16.6","","27.8","","3.9","","38.1","","0.0","","38.1","","0","","","","",""
"-82.67","42.04","KINGSVILLE MOE","6134190","1972-07","1972","07","25.7","","17.0","","21.4","","31.1","","6.7","","57.2","","0.0","","57.2","","0","","","","",""
"-82.67","42.04","KINGSVILLE MOE","6134190","1972-08","1972","08","24.4","","15.9","","20.2","","27.2","","8.9","","107.4","","0.0","","107.4","","0","","","","",""
"-82.67","42.04","KINGSVILLE MOE","6134190","1972-09","1972","09","21.3","","13.3","","17.3","","26.7","S","6.1","","82.6","","0.0","","82.6","","0","","","","",""
"-82.67","42.04","KINGSVILLE MOE","6134190","1972-10","1972","10","12.7","","4.1","","8.4","","21.1","S","-3.9","S","50.3","","0.0","T","50.3","","0","","","","",""
"-82.67","42.04","KINGSVILLE MOE","6134190","1972-11","1972","11","5.8","","1.3","","3.6","","17.8","","-3.9","","107.2","","2.5","","109.7","","","M","","","",""
"-82.67","42.04","KINGSVILLE MOE","6134190","1972-12","1972","12","1.4","","-3.8","","-1.2","","7.8","S","-12.2","S","72.4","","31.5","","103.9","","","M","","","",""
"-82.67","42.04","KINGSVILLE MOE","6134190","1973-01","1973","01","1.2","","-5.7","","-2.3","","8.9","","-13.3","","34.0","E","2.5","","36.6","E","","M","","","",""
"-82.67","42.04","KINGSVILLE MOE","6134190","1973-02","1973","02","-1.2","","-8.1","","-4.7","","7.2","","-19.4","","13.2","","29.0","","42.2","","","M","","","",""
"-82.67","42.04","KINGSVILLE MOE","6134190","1973-03","1973","03","8.7","","0.7","","4.7","","16.7","","-7.8","","143.0","","10.2","","153.2","","","M","","","",""
"-82.67","42.04","KINGSVILLE MOE","6134190","1973-04","1973","04","11.6","","3.9","","7.8","","21.1","","-3.9","","43.2","","2.5","","45.7","","0","","","","",""
"-82.67","42.04","KINGSVILLE MOE","6134190","1973-05","1973","05","16.0","","8.1","","12.1","","20.0","","1.1","","71.4","","0.0","","71.4","","0","","","","",""
"-82.67","42.04","KINGSVILLE MOE","6134190","1973-06","1973","06","23.7","","16.2","","20.0","","28.3","","12.2","","142.2","","0.0","","142.2","","0","","","","",""
"-82.67","42.04","KINGSVILLE MOE","6134190","1973-07","1973","07","25.8","","18.3","","22.1","","28.9","S","10.6","","90.4","","0.0","","90.4","","0","","","","",""
"-82.67","42.04","KINGSVILLE MOE","6134190","1973-08","1973","08","26.4","","18.3","","22.4","","32.2","","10.6","","14.0","E","0.0","","14.0","E","0","","","","",""
"-82.67","42.04","KINGSVILLE MOE","6134190","1973-09","1973","09","22.9","","12.8","","17.9","","31.7","","4.4","","57.4","","0.0","","57.4","","0","","","","",""
"-82.67","42.04","KINGSVILLE MOE","6134190","1973-10","1973","10","17.0","","9.0","","13.0","","22.2","S","2.8","","45.2","","0.0","","45.2","","0","","","","",""
"-82.67","42.04","KINGSVILLE MOE","6134190","1973-11","1973","11","8.7","","1.5","","5.1","","15.0","","-5.6","","73.2","","0.0","T","73.2","","","M","","","",""
"-82.67","42.04","KINGSVILLE MOE","6134190","1973-12","1973","12","0.9","","-4.5","","-1.8","","11.1","S","-12.2","S","51.6","","44.5","","96.0","","","M","","","",""
"-82.67","42.04","KINGSVILLE MOE","6134190","1974-01","1974","01","0.0","","-6.7","","-3.4","","10.0","","-17.8","S","67.6","","32.3","","99.8","","","M","","","",""
"-82.67","42.04","KINGSVILLE MOE","6134190","1974-02","1974","02","-1.7","","-9.2","","-5.5","","6.7","S","-16.7","","32.5","E","29.7","","62.2","E","","M","","","",""
"-82.67","42.04","KINGSVILLE MOE","6134190","1974-03","1974","03","4.4","","-2.3","","1.1","","14.4","","-16.1","","94.2","","10.4","","104.6","","","M","","","",""
"-82.67","42.04","KINGSVILLE MOE","6134190","1974-04","1974","04","12.1","","3.6","","7.9","","23.3","","-3.9","","53.3","","0.0","","53.3","","","M","","","",""
"-82.67","42.04","KINGSVILLE MOE","6134190","1974-05","1974","05","16.6","","7.8","","12.2","","25.0","S","-1.1","","81.8","","0.0","","81.8","","0","","","","",""
"-82.67","42.04","KINGSVILLE MOE","6134190","1974-06","1974","06","22.4","","14.2","","18.3","","27.8","","8.3","","42.4","","0.0","","42.4","","0","","","","",""
"-82.67","42.04","KINGSVILLE MOE","6134190","1974-07","1974","07","26.7","","16.9","","21.8","","31.1","S","12.2","S","28.7","","0.0","","28.7","","0","","","","",""
"-82.67","42.04","KINGSVILLE MOE","6134190","1974-08","1974","08","25.8","","17.5","","21.7","","28.3","S","11.7","","20.3","","0.0","","20.3","","0","","","","",""
"-82.67","42.04","KINGSVILLE MOE","6134190","1974-09","1974","09","19.6","","11.3","","15.5","","25.6","","-0.6","","47.8","","0.0","","47.8","","0","","","","",""
"-82.67","42.04","KINGSVILLE MOE","6134190","1974-10","1974","10","13.9","","3.8","","8.9","","19.4","","-3.9","","23.4","","0.0","T","23.4","","","M","","","",""
"-82.67","42.04","KINGSVILLE MOE","6134190","1974-11","1974","11","8.0","","1.7","","4.9","","20.0","","-7.8","","81.0","","9.9","","90.9","","","M","","","",""
"-82.67","42.04","KINGSVILLE MOE","6134190","1974-12","1974","12","1.2","","-3.7","","-1.3","","4.4","S","-8.9","","28.7","","30.5","","59.2","","","M","","","",""
"-82.67","42.04","KINGSVILLE MOE","6134190","1975-01","1975","01","1.3","","-4.8","","-1.8","","11.7","","-11.7","S","79.2","","12.7","","91.9","","","M","","","",""
"-82.67","42.04","KINGSVILLE MOE","6134190","1975-02","1975","02","0.6","","-5.7","","-2.6","","7.2","","-17.8","","59.2","E","11.4","","70.6","E","","M","","","",""
"-82.67","42.04","KINGSVILLE MOE","6134190","1975-03","1975","03","3.4","","-3.8","","-0.2","","13.3","","-10.6","","60.2","","20.1","","80.3","","","M","","","",""
"-82.67","42.04","KINGSVILLE MOE","6134190","1975-04","1975","04","7.9","","0.5","","4.2","","15.0","","-6.1","S","31.8","","5.1","","36.8","","0","","","","",""
"-82.67","42.04","KINGSVILLE MOE","6134190","1975-05","1975","05","20.2","","11.9","","16.1","","26.7","","4.4","S","42.7","","0.0","","42.7","","0","","","","",""
"-82.67","42.04","KINGSVILLE MOE","6134190","1975-06","1975","06","23.1","","15.9","","19.5","","28.9","","6.7","","73.4","E","0.0","","73.4","E","0","","","","",""
"-82.67","42.04","KINGSVILLE MOE","6134190","1975-07","1975","07","26.2","","17.9","","22.1","","30.6","","11.7","","44.5","","0.0","","44.5","","0","","","","",""
"-82.67","42.04","KINGSVILLE MOE","6134190","1975-08","1975","08","25.3","","18.5","","21.9","","30.0","","11.1","","187.5","E","0.0","","187.5","E","0","","","","",""
"-82.67","42.04","KINGSVILLE MOE","6134190","1975-09","1975","09","18.4","","11.6","","15.0","","23.9","","3.3","S","58.7","","0.0","","58.7","","0","","","","",""
"-82.67","42.04","KINGSVILLE MOE","6134190","1975-10","1975","10","14.9","","7.9","","11.4","","22.2","","-1.7","","30.0","","0.0","","30.0","","","M","","","",""
"-82.67","42.04","KINGSVILLE MOE","6134190","1975-11","1975","11","10.4","","5.1","","7.8","","19.4","","-3.9","","41.1","E","0.0","T","41.1","E","","M","","","",""
"-82.67","42.04","KINGSVILLE MOE","6134190","1975-12","1975","12","1.2","","-4.7","","-1.8","","12.2","","-15.0","","56.6","","41.4","","98.0","","","M","","","",""
"-82.67","42.04","KINGSVILLE MOE","6134190","1976-01","1976","01","-2.5","","-11.2","","-6.9","","6.7","","-21.7","","33.0","","48.5","E","81.5","E","","M","","","",""
"-82.67","42.04","KINGSVILLE MOE","6134190","1976-02","1976","02","3.0","","-5.2","","-1.1","","11.7","","-21.7","S","57.2","","23.6","E","80.8","E","","M","","","",""
"-82.67","42.04","KINGSVILLE MOE","6134190","1976-03","1976","03","7.0","","-1.2","","2.9","","16.1","","-12.8","","111.0","","4.6","","115.6","","","M","","","",""
"-82.67","42.04","KINGSVILLE MOE","6134190","1976-04","1976","04","12.4","","3.8","","8.1","","22.8","","-5.6","","67.6","","1.3","E","68.8","E","0","","","","",""
"-82.67","42.04","KINGSVILLE MOE","6134190","1976-05","1976","05","16.7","","7.5","","12.1","","24.4","","0.6","","52.1","","0.0","","52.1","","0","","","","",""
"-82.67","42.04","KINGSVILLE MOE","6134190","1976-06","1976","06","24.4","","16.5","","20.5","","30.6","","10.0","","82.3","","0.0","","82.3","","0","","","","",""
"-82.67","42.04","KINGSVILLE MOE","6134190","1976-07","1976","07","26.3","","17.0","","21.7","","32.2","","11.1","","64.0","","0.0","","64.0","","0","","","","",""
"-82.67","42.04","KINGSVILLE MOE","6134190","1976-08","1976","08","24.6","","14.9","","19.8","","28.3","","6.7","","22.6","","0.0","","22.6","","0","","","","",""
"-82.67","42.04","KINGSVILLE MOE","6134190","1976-09","1976","09","20.9","","10.8","","15.9","","28.3","","3.3","","80.8","E","0.0","","80.8","E","0","","","","",""
"-82.67","42.04","KINGSVILLE MOE","6134190","1976-10","1976","10","11.7","","3.8","","7.8","","","M","-5.0","","51.8","","0.0","T","51.8","","","M","","","",""
"-82.67","42.04","KINGSVILLE MOE","6134190","1976-11","1976","11","4.3","","-3.7","","0.3","","10.6","","-11.1","","14.2","","7.1","","21.3","","","M","","","",""
"-82.67","42.04","KINGSVILLE MOE","6134190","1976-12","1976","12","-1.3","","-10.3","","-5.8","","7.2","","-21.1","","5.1","","25.7","","30.7","","","M","","","",""
"-82.67","42.04","KINGSVILLE MOE","6134190","1977-01","1977","01","-6.7","","-15.4","","-11.1","","-1.1","","-23.3","","0.0","","48.9","","48.9","","","M","","","",""
"-82.67","42.04","KINGSVILLE MOE","6134190","1977-02","1977","02","-0.7","","-9.5","","-5.1","","7.2","","-20.0","","20.0","","10.1","","30.1","","","M","","","",""
"-82.67","42.04","KINGSVILLE MOE","6134190","1977-03","1977","03","7.9","","-0.9","","3.5","","21.1","","-10.0","","132.3","","17.9","","150.2","","","M","","","",""
"-82.67","42.04","KINGSVILLE MOE","6134190","1977-04","1977","04","14.5","","4.2","","9.4","","23.3","","-5.6","","132.9","","6.4","","139.3","","0","","","","",""
"-82.67","42.04","KINGSVILLE MOE","6134190","1977-05","1977","05","21.2","","10.6","","15.9","","29.0","S","1.0","","50.2","","0.0","","50.2","","0","","","","",""
"-82.67","42.04","KINGSVILLE MOE","6134190","1977-06","1977","06","22.4","","13.4","","17.9","","29.0","S","6.0","S","74.0","","0.0","","74.0","","0","","","","",""
"-82.67","42.04","KINGSVILLE MOE","6134190","1977-07","1977","07","27.3","","18.5","","22.9","","32.0","","11.5","","22.9","","0.0","","22.9","","0","","","","",""
"-82.67","42.04","KINGSVILLE MOE","6134190","1977-08","1977","08","24.4","","15.7","","20.1","","28.0","","8.5","","112.5","","0.0","","112.5","","0","","","","",""
"-82.67","42.04","KINGSVILLE MOE","6134190","1977-09","1977","09","21.8","","13.6","","17.7","","29.0","","7.0","","120.1","","0.0","","120.1","","0","","","","",""
"-82.67","42.04","KINGSVILLE MOE","6134190","1977-10","1977","10","14.0","","4.3","","9.2","","19.5","","-3.0","S","27.9","","0.0","","27.9","E","0","","","","",""
"-82.67","42.04","KINGSVILLE MOE","6134190","1977-11","1977","11","8.6","","1.9","","5.3","","18.0","","-9.0","","88.6","","2.0","","90.6","","","M","","","",""
"-82.67","42.04","KINGSVILLE MOE","6134190","1977-12","1977","12","0.9","","-7.0","","-3.1","","8.0","","-20.0","","61.7","","58.0","","119.7","","","M","","","",""
"-82.67","42.04","KINGSVILLE MOE","6134190","1978-01","1978","01","-4.0","","-12.7","","-8.4","","5.0","","-19.5","","26.6","E","64.5","","91.1","E","","M","","","",""
"-82.67","42.04","KINGSVILLE MOE","6134190","1978-02","1978","02","-6.6","","-16.1","","-11.4","","-2.0","","-21.0","","0.0","","17.5","","17.5","","","M","","","",""
"-82.67","42.04","KINGSVILLE MOE","6134190","1978-03","1978","03","2.7","","-8.3","","-2.8","","17.0","","-22.0","","57.2","","2.0","","59.2","","","M","","","",""
"-82.67","42.04","KINGSVILLE MOE","6134190","1978-04","1978","04","10.9","","1.2","","6.1","","18.0","S","-3.0","S","79.5","","0.0","T","79.5","","0","","","","",""
"-82.67","42.04","KINGSVILLE MOE","6134190","1978-05","1978","05","18.2","","9.1","","13.7","","27.5","","-2.0","","84.3","","0.0","","84.3","","0","","","","",""
"-82.67","42.04","KINGSVILLE MOE","6134190","1978-06","1978","06","22.6","","14.2","","18.4","","30.0","","5.0","","70.8","","0.0","","70.8","","0","","","","",""
"-82.67","42.04","KINGSVILLE MOE","6134190","1978-07","1978","07","25.0","","16.3","","20.7","","30.5","","7.5","","25.2","","0.0","","25.2","","0","","","","",""
"-82.67","42.04","KINGSVILLE MOE","6134190","1978-08","1978","08","25.6","","16.5","","21.1","","30.0","","10.5","S","17.8","E","0.0","","17.8","E","0","","","","",""
"-82.67","42.04","KINGSVILLE MOE","6134190","1978-09","1978","09","25.0","","13.6","","19.3","","34.5","","6.0","","54.5","","0.0","","54.5","","0","","","","",""
"-82.67","42.04","KINGSVILLE MOE","6134190","1978-10","1978","10","13.8","","4.6","","9.2","","19.0","","-2.0","S","68.4","","0.0","","68.4","","","M","","","",""
"-82.67","42.04","KINGSVILLE MOE","6134190","1978-11","1978","11","8.3","","0.8","","4.6","","18.0","","-8.5","","53.7","","9.5","","63.2","","","M","","","",""
"-82.67","42.04","KINGSVILLE MOE","6134190","1978-12","1978","12","2.8","","-4.9","","-1.1","","9.5","","-14.0","","49.4","","17.3","","66.7","","","M","","","",""
"-82.67","42.04","KINGSVILLE MOE","6134190","1979-01","1979","01","-3.2","","-11.2","","-7.2","","8.0","","-22.0","S","22.2","","29.4","E","51.6","E","","M","","","",""
"-82.67","42.04","KINGSVILLE MOE","6134190","1979-02","1979","02","-4.6","","-14.1","","-9.4","","5.5","","-24.5","","12.3","","27.1","","39.4","","","M","","","",""
"-82.67","42.04","KINGSVILLE MOE","6134190","1979-03","1979","03","6.3","","-2.9","","1.7","","14.0","","-13.0","","76.6","E","2.0","","78.6","E","","M","","","",""
"-82.67","42.04","KINGSVILLE MOE","6134190","1979-04","1979","04","9.8","","1.3","","5.6","","19.5","","-7.5","","116.3","","5.0","","121.3","","","M","","","",""
"-82.67","42.04","KINGSVILLE MOE","6134190","1979-05","1979","05","18.0","","8.1","","13.1","","26.0","","0.0","","87.2","","0.0","","87.2","","","M","","","",""
"-82.67","42.04","KINGSVILLE MOE","6134190","1979-06","1979","06","23.0","","13.5","","18.3","","29.5","","7.5","","61.8","","0.0","","61.8","","0","","","","",""
"-82.67","42.04","KINGSVILLE MOE","6134190","1979-07","1979","07","25.0","","16.1","","20.6","","28.0","","8.0","","59.4","","0.0","","59.4","","","M","","","",""
"-82.67","42.04","KINGSVILLE MOE","6134190","1979-08","1979","08","23.9","","15.4","","19.7","","29.0","S","7.5","","66.4","","0.0","","66.4","","","M","","","",""
"-82.67","42.04","KINGSVILLE MOE","6134190","1979-09","1979","09","22.0","","11.4","","16.7","","28.5","S","4.0","S","51.4","","0.0","","51.4","","","M","","","",""
"-82.67","42.04","KINGSVILLE MOE","6134190","1979-10","1979","10","14.0","","5.7","","9.9","","23.0","","-4.0","","80.7","","0.0","","80.7","","","M","","","",""
"-82.67","42.04","KINGSVILLE MOE","6134190","1979-11","1979","11","8.1","","1.0","","4.6","","13.0","","-10.5","","100.3","","2.0","","102.3","","","M","","","",""
"-82.67","42.04","KINGSVILLE MOE","6134190","1979-12","1979","12","3.7","","-3.1","","0.3","","11.0","","-14.0","","71.6","","3.8","","75.4","","","M","","","",""
"-82.67","42.04","KINGSVILLE MOE","6134190","1980-01","1980","01","-0.6","","-7.4","","-4.0","","7.5","","-13.5","","21.5","","4.0","","25.5","","","M","","","",""
"-82.67","42.04","KINGSVILLE MOE","6134190","1980-02","1980","02","-2.6","","-10.0","","-6.3","","5.5","","-18.5","","13.8","","12.0","","25.8","","","M","","","",""
"-82.67","42.04","KINGSVILLE MOE","6134190","1980-03","1980","03","3.5","E","-4.4","","-0.5","E","15.0","","-18.5","","105.1","","11.0","","116.1","","","M","","","",""
"-82.67","42.04","KINGSVILLE MOE","6134190","1980-04","1980","04","10.9","","3.3","","7.1","","26.5","","-2.0","S","77.5","","0.0","","77.5","","","M","","","",""
"-82.67","42.04","KINGSVILLE MOE","6134190","1980-05","1980","05","18.9","","9.6","","14.3","","28.0","","1.5","","81.0","","0.0","","81.0","","0","","","","",""
"-82.67","42.04","KINGSVILLE MOE","6134190","1980-06","1980","06","22.7","","12.7","","17.7","","30.5","","4.0","S","142.7","","0.0","","142.7","","","M","","","",""
"-82.67","42.04","KINGSVILLE MOE","6134190","1980-07","1980","07","27.1","E","18.1","","22.6","E","32.5","","13.0","","159.3","","0.0","","159.3","","","M","","","",""
"-82.67","42.04","KINGSVILLE MOE","6134190","1980-08","1980","08","26.0","","18.6","E","22.3","E","31.0","","12.0","","148.9","E","0.0","","148.9","E","","M","","","",""
"-82.67","42.04","KINGSVILLE MOE","6134190","1980-09","1980","09","22.2","E","12.7","","17.5","E","30.0","","3.0","","94.2","","0.0","","94.2","","","M","","","",""
"-82.67","42.04","KINGSVILLE MOE","6134190","1980-10","1980","10","12.1","","4.0","","8.1","","23.5","","-2.5","","29.6","","0.0","T","29.6","","","M","","","",""
"-82.67","42.04","KINGSVILLE MOE","6134190","1980-11","1980","11","7.0","","0.1","","3.6","","16.5","","-5.5","","29.1","","0.0","T","29.1","","","M","","","",""
"-82.67","42.04","KINGSVILLE MOE","6134190","1980-12","1980","12","1.0","E","-7.1","","-3.1","E","11.0","","-18.5","","29.1","","22.5","","51.6","","","M","","","",""
"-82.67","42.04","KINGSVILLE MOE","6134190","1981-01","1981","01","-3.9","E","-11.8","","-7.9","E","5.0","","-22.5","S","9.0","","22.0","","31.0","","","","","","",""
"-82.67","42.04","KINGSVILLE MOE","6134190","1981-02","1981","02","1.5","","-6.7","","-2.6","","10.0","","-18.5","","53.4","","36.0","","89.4","","","","","","",""
"-82.67","42.04","KINGSVILLE MOE","6134190","1981-03","1981","03","5.6","","-2.7","","1.5","","18.0","","-10.0","","16.7","","3.7","","20.4","","","","","","",""
"-82.67","42.04","KINGSVILLE MOE","6134190","1981-04","1981","04","13.0","","4.2","","8.6","","19.0","","-3.5","","107.6","","0.0","","107.6","","","","","","",""
"-82.67","42.04","KINGSVILLE MOE","6134190","1981-05","1981","05","17.0","","8.3","","12.7","","24.5","","2.0","","60.0","","0.0","","60.0","","","","","","",""
"-82.67","42.04","KINGSVILLE MOE","6134190","1981-06","1981","06","23.5","","15.5","","19.5","","28.5","","7.0","","153.3","","0.0","","153.3","","","","","","",""
"-82.67","42.04","KINGSVILLE MOE","6134190","1981-07","1981","07","26.0","","17.8","","21.9","","30.5","S","11.0","","162.9","","0.0","","162.9","","","","","","",""
"-82.67","42.04","KINGSVILLE MOE","6134190","1981-08","1981","08","24.9","","16.8","","20.9","","27.0","","10.0","","52.6","","0.0","","52.6","","","","","","",""
"-82.67","42.04","KINGSVILLE MOE","6134190","1981-09","1981","09","19.4","E","12.4","","15.9","E","29.0","","4.0","","132.6","","0.0","","132.6","","","","","","",""
"-82.67","42.04","KINGSVILLE MOE","6134190","1981-10","1981","10","13.3","","4.3","","8.8","","19.5","","-4.0","S","84.4","","0.0","","84.4","","","","","","",""
"-82.67","42.04","KINGSVILLE MOE","6134190","1981-11","1981","11","8.5","","0.2","","4.4","","17.0","S","-4.0","S","122.4","","2.0","","124.4","","","","","","",""
"-82.67","42.04","KINGSVILLE MOE","6134190","1981-12","1981","12","0.7","E","-5.4","E","-2.4","E","5.0","","-14.0","S","49.5","","45.5","","95.0","","","","","","",""
"-82.67","42.04","KINGSVILLE MOE","6134190","1982-01","1982","01","-2.9","","-12.4","","-7.7","","7.5","","-25.0","S","63.0","","64.2","","127.2","","","","","","",""
"-82.67","42.04","KINGSVILLE MOE","6134190","1982-02","1982","02","-2.5","E","-10.6","E","-6.6","E","3.5","S","-25.0","","3.0","","59.0","","62.0","","","","","","",""
"-82.67","42.04","KINGSVILLE MOE","6134190","1982-03","1982","03","3.8","E","-3.6","E","0.1","E","14.0","","-14.0","S","31.0","E","31.5","E","62.5","E","","","","","",""
"-82.67","42.04","KINGSVILLE MOE","6134190","1982-04","1982","04","10.3","E","0.5","","5.4","E","19.5","","-13.0","","31.8","","21.8","","53.6","","","","","","",""
"-82.67","42.04","KINGSVILLE MOE","6134190","1982-05","1982","05","21.8","","12.5","","17.2","","27.5","","6.0","","58.4","","0.0","","58.4","","","","","","",""
"-82.67","42.04","KINGSVILLE MOE","6134190","1982-06","1982","06","21.8","","13.6","","17.7","","25.5","","7.5","","52.3","","0.0","","52.3","","","","","","",""
"-82.67","42.04","KINGSVILLE MOE","6134190","1982-07","1982","07","26.7","","18.2","","22.5","","30.0","","11.5","","76.9","","0.0","","76.9","","","","","","",""
"-82.67","42.04","KINGSVILLE MOE","6134190","1982-08","1982","08","24.6","E","15.0","","19.8","E","28.0","S","6.5","","41.6","","0.0","","41.6","","","","","","",""
"-82.67","42.04","KINGSVILLE MOE","6134190","1982-09","1982","09","21.0","E","12.4","","16.7","E","29.5","","4.0","","70.0","","0.0","","70.0","","","","","","",""
"-82.67","42.04","KINGSVILLE MOE","6134190","1982-10","1982","10","15.8","","7.2","E","11.5","E","25.0","","-1.0","","93.0","","0.0","","93.0","","","","","","",""
"-82.67","42.04","KINGSVILLE MOE","6134190","1982-11","1982","11","9.0","E","2.7","","5.9","E","18.5","E","-6.5","","114.1","","3.0","","117.1","","","","","","",""
"-82.67","42.04","KINGSVILLE MOE","6134190","1982-12","1982","12","6.0","E","-0.6","E","2.7","E","16.0","S","-10.5","","96.8","","4.5","","101.3","","","","","","",""
"-82.67","42.04","KINGSVILLE MOE","6134190","1983-01","1983","01","1.0","","-5.1","","-2.1","","7.0","","-14.0","S","34.2","","0.0","T","34.2","","","M","","","",""
"-82.67","42.04","KINGSVILLE MOE","6134190","1983-02","1983","02","2.4","","-4.3","","-1.0","","13.0","","-12.5","","14.0","","10.5","","24.5","","0","","","","",""
"-82.67","42.04","KINGSVILLE MOE","6134190","1983-03","1983","03","7.0","","-1.2","","2.9","","17.5","","-11.5","S","44.9","","5.0","","49.9","","0","","","","",""
"-82.67","42.04","KINGSVILLE MOE","6134190","1983-04","1983","04","10.0","","2.0","","6.0","","23.0","","-6.5","","137.8","","0.0","T","137.8","","0","","","","",""
"-82.67","42.04","KINGSVILLE MOE","6134190","1983-05","1983","05","16.5","","7.2","","11.9","","21.0","S","-1.0","","81.8","","0.0","","81.8","","0","","","","",""
"-82.67","42.04","KINGSVILLE MOE","6134190","1983-06","1983","06","24.8","E","15.2","","20.0","E","31.0","","4.5","","110.1","","0.0","","110.1","","0","","","","",""
"-82.67","42.04","KINGSVILLE MOE","6134190","1983-07","1983","07","27.5","","19.1","","23.3","","34.5","","9.0","","98.7","","0.0","","98.7","","0","","","","",""
"-82.67","42.04","KINGSVILLE MOE","6134190","1983-08","1983","08","26.9","","18.2","","22.6","","30.0","","11.5","","68.1","","0.0","","68.1","","0","","","","",""
"-82.67","42.04","KINGSVILLE MOE","6134190","1983-09","1983","09","23.1","","13.2","","18.2","","31.5","","3.0","","61.4","","0.0","","61.4","","0","","","","",""
"-82.67","42.04","KINGSVILLE MOE","6134190","1983-10","1983","10","15.2","","7.5","","11.4","","23.5","","0.0","S","84.8","","0.0","","84.8","","0","","","","",""
"-82.67","42.04","KINGSVILLE MOE","6134190","1983-11","1983","11","8.9","E","1.9","","5.4","E","15.0","S","-6.5","","110.4","","2.0","","112.4","","","M","","","",""
"-82.67","42.04","KINGSVILLE MOE","6134190","1983-12","1983","12","-2.2","E","-9.8","","-6.0","E","7.0","","-23.0","S","73.6","","15.5","","89.1","","","M","","","",""
"-82.67","42.04","KINGSVILLE MOE","6134190","1984-01","1984","01","-3.3","","-12.6","","-8.0","","15.0","","-27.0","","0.5","","33.5","","34.0","","","M","","","",""
"-82.67","42.04","KINGSVILLE MOE","6134190","1984-02","1984","02","3.2","","-4.2","","-0.5","","12.5","","-15.5","","29.2","","26.0","","55.2","","","M","","","",""
"-82.67","42.04","KINGSVILLE MOE","6134190","1984-03","1984","03","2.0","","-6.0","","-2.0","","9.0","","-15.5","","65.9","","17.9","","83.8","","","M","","","",""
"-82.67","42.04","KINGSVILLE MOE","6134190","1984-04","1984","04","11.3","E","2.9","","7.1","E","22.0","","-2.0","","67.0","","0.0","","67.0","","0","","","","",""
"-82.67","42.04","KINGSVILLE MOE","6134190","1984-05","1984","05","15.6","E","6.9","","11.3","E","22.5","S","1.0","","134.4","","0.0","","134.4","","0","","","","",""
"-82.67","42.04","KINGSVILLE MOE","6134190","1984-06","1984","06","24.9","","15.5","","20.2","","29.0","S","9.5","","49.2","","0.0","","49.2","","0","","","","",""
"-82.67","42.04","KINGSVILLE MOE","6134190","1984-07","1984","07","25.4","E","16.3","","20.9","E","29.5","","9.0","","25.3","","0.0","","25.3","","0","","","","",""
"-82.67","42.04","KINGSVILLE MOE","6134190","1984-08","1984","08","25.5","","17.1","E","21.3","E","29.0","S","9.0","S","131.6","","0.0","","131.6","","0","","","","",""
"-82.67","42.04","KINGSVILLE MOE","6134190","1984-09","1984","09","19.8","","11.5","","15.7","","27.0","","5.0","S","82.8","","0.0","","82.8","","","M","","","",""
"-82.67","42.04","KINGSVILLE MOE","6134190","1984-10","1984","10","17.2","","8.8","","13.0","","21.5","","2.0","S","64.9","","0.0","","64.9","","0","","","","",""
"-82.67","42.04","KINGSVILLE MOE","6134190","1984-11","1984","11","8.8","E","0.4","","4.6","E","19.5","E","-7.5","","97.6","","0.0","T","97.6","","","M","","","",""
"-82.67","42.04","KINGSVILLE MOE","6134190","1984-12","1984","12","4.7","E","-2.0","E","1.4","E","14.5","S","-15.0","","83.9","","8.5","","92.4","","","M","","","",""
"-82.67","42.04","KINGSVILLE MOE","6134190","1985-01","1985","01","-3.1","","-9.6","","-6.4","","1.0","S","-25.0","","","M","","M","","M","","M","","","",""
"-82.67","42.04","KINGSVILLE MOE","6134190","1985-02","1985","02","-0.8","E","-9.4","","-5.1","E","9.5","","-20.0","","78.8","","46.5","E","125.3","E","","M","","","",""
"-82.67","42.04","KINGSVILLE MOE","6134190","1985-03","1985","03","6.6","","-1.2","","2.7","","15.0","","-7.0","","126.7","","7.0","","133.7","","0","","","","",""
"-82.67","42.04","KINGSVILLE MOE","6134190","1985-04","1985","04","15.8","","5.3","","10.6","","27.0","","-5.5","S","53.7","","0.0","T","53.7","","0","","","","",""
"-82.67","42.04","KINGSVILLE MOE","6134190","1985-05","1985","05","20.5","E","11.1","","15.8","E","27.5","","5.5","S","92.9","","0.0","","92.9","","0","","","","",""
"-82.67","42.04","KINGSVILLE MOE","6134190","1985-06","1985","06","22.3","E","13.3","","17.8","E","30.5","","7.5","S","53.3","E","0.0","","53.3","E","0","","","","",""
"-82.67","42.04","KINGSVILLE MOE","6134190","1985-07","1985","07","25.3","","17.5","E","21.4","E","29.5","","12.0","S","64.2","","0.0","","64.2","","0","","","","",""
"-82.67","42.04","KINGSVILLE MOE","6134190","1985-08","1985","08","24.6","E","16.6","","20.6","E","28.5","S","12.0","","84.0","","0.0","","84.0","","0","","","","",""
"-82.67","42.04","KINGSVILLE MOE","6134190","1985-09","1985","09","22.1","E","14.7","","18.4","E","30.0","","6.0","","51.3","","0.0","","51.3","","0","","","","",""
"-82.67","42.04","KINGSVILLE MOE","6134190","1985-10","1985","10","16.0","E","8.5","","12.3","E","21.5","","2.0","","74.8","","0.0","","74.8","","0","","","","",""
"-82.67","42.04","KINGSVILLE MOE","6134190","1985-11","1985","11","8.9","E","3.3","E","6.1","E","16.0","E","-3.0","S","182.6","","6.0","","188.6","","","M","","","",""
"-82.67","42.04","KINGSVILLE MOE","6134190","1985-12","1985","12","-1.3","E","-8.1","","-4.7","E","13.0","","-17.0","","17.6","","28.0","","45.6","","","M","","","",""
"-82.67","42.04","KINGSVILLE MOE","6134190","1986-01","1986","01","-0.7","E","-8.0","","-4.4","E","7.0","","-18.0","","8.8","","25.2","","34.0","","","M","","","",""
"-82.67","42.04","KINGSVILLE MOE","6134190","1986-02","1986","02","-1.4","E","-7.2","E","-4.3","E","5.0","S","-15.0","S","40.2","","49.2","","89.4","","","M","","","",""
"-82.67","42.04","KINGSVILLE MOE","6134190","1986-03","1986","03","7.2","E","-2.8","E","2.2","E","24.5","","-15.5","","48.4","","20.6","","69.0","","","M","","","",""
"-82.67","42.04","KINGSVILLE MOE","6134190","1986-04","1986","04","13.7","E","4.3","","9.0","E","26.0","E","-3.5","","","M","0.6","","","M","","M","","","",""
"-82.67","42.04","KINGSVILLE MOE","6134190","1986-05","1986","05","20.3","E","10.7","","15.5","E","26.5","","-0.5","","64.5","","0.0","","64.5","","0","","","","",""
"-82.67","42.04","KINGSVILLE MOE","6134190","1986-06","1986","06","24.0","E","14.5","","19.3","E","29.5","S","7.5","","183.6","","0.0","","183.6","","0","","","","",""
"-82.67","42.04","KINGSVILLE MOE","6134190","1986-07","1986","07","26.7","","18.7","","22.7","","31.5","S","12.5","","73.8","","0.0","","73.8","","0","","","","",""
"-82.67","42.04","KINGSVILLE MOE","6134190","1986-08","1986","08","24.4","E","15.6","","20.0","E","28.0","","7.0","S","99.1","","0.0","","99.1","","0","","","","",""
"-82.67","42.04","KINGSVILLE MOE","6134190","1986-09","1986","09","22.3","E","14.1","","18.2","E","28.0","","6.0","S","177.1","","0.0","","177.1","","0","","","","",""
"-82.67","42.04","KINGSVILLE MOE","6134190","1986-10","1986","10","16.0","E","7.8","","11.9","E","22.0","","2.5","","91.1","","0.0","","91.1","","0","","","","",""
"-82.67","42.04","KINGSVILLE MOE","6134190","1986-11","1986","11","6.9","E","0.0","E","3.5","E","17.0","","-11.0","E","56.8","E","9.0","E","65.8","E","0","","","","",""
"-82.67","42.04","KINGSVILLE MOE","6134190","1986-12","1986","12","2.4","E","-2.0","","0.2","E","6.0","S","-10.5","","62.4","","1.0","","63.4","","","M","","","",""
"-82.67","42.04","KINGSVILLE MOE","6134190","1987-01","1987","01","0.0","","-6.1","","-3.1","","5.5","","-21.0","","4.0","","46.6","E","50.6","E","","M","","","",""
"-82.67","42.04","KINGSVILLE MOE","6134190","1987-02","1987","02","1.2","E","-5.8","E","-2.3","E","6.0","","-17.0","","10.4","","1.2","E","11.6","E","","M","","","",""
"-82.67","42.04","KINGSVILLE MOE","6134190","1987-03","1987","03","7.4","E","-1.3","","3.1","E","17.5","E","-12.5","","42.7","","26.0","","68.7","","","M","","","",""
"-82.67","42.04","KINGSVILLE MOE","6134190","1987-04","1987","04","13.9","E","5.0","","9.5","E","26.5","","-5.0","","52.0","","2.0","E","54.0","E","0","","","","",""
"-82.67","42.04","KINGSVILLE MOE","6134190","1987-05","1987","05","21.4","E","11.0","","16.2","E","30.0","E","4.0","S","31.9","","0.0","","31.9","","0","","","","",""
"-82.67","42.04","KINGSVILLE MOE","6134190","1987-06","1987","06","25.4","E","16.4","","20.9","E","29.5","","6.5","","136.6","","0.0","","136.6","","0","","","","",""
"-82.67","42.04","KINGSVILLE MOE","6134190","1987-07","1987","07","27.1","","19.7","E","23.4","E","31.5","","11.5","","107.3","","0.0","","107.3","","0","","","","",""
"-82.67","42.04","KINGSVILLE MOE","6134190","1987-08","1987","08","24.8","E","16.4","E","20.6","E","31.0","","8.0","","163.2","","0.0","","163.2","","0","","","","",""
"-82.67","42.04","KINGSVILLE MOE","6134190","1987-09","1987","09","21.7","E","14.1","","17.9","E","25.5","","6.5","","62.1","","0.0","","62.1","","0","","","","",""
"-82.67","42.04","KINGSVILLE MOE","6134190","1987-10","1987","10","12.5","E","4.2","E","8.4","E","18.5","E","-2.0","E","60.7","","0.0","","60.7","","0","","","","",""
"-82.67","42.04","KINGSVILLE MOE","6134190","1987-11","1987","11","9.4","E","2.9","E","6.2","E","19.0","","-9.0","","71.3","","0.0","T","71.3","","","M","","","",""
"-82.67","42.04","KINGSVILLE MOE","6134190","1987-12","1987","12","4.3","","-1.8","","1.3","","10.0","S","-13.5","","65.4","","16.8","","82.2","","","M","","","",""
"-82.67","42.04","KINGSVILLE MOE","6134190","1988-01","1988","01","-0.2","","-9.3","","-4.8","","8.0","","-19.0","S","21.4","","8.4","","29.8","","0","","","","",""
"-82.67","42.04","KINGSVILLE MOE","6134190","1988-02","1988","02","-0.6","E","-9.0","","-4.8","E","9.0","","-17.5","","15.2","","49.4","","64.6","","","M","","","",""
"-82.67","42.04","KINGSVILLE MOE","6134190","1988-03","1988","03","5.3","E","-3.1","E","1.1","E","16.0","E","-10.0","","34.6","","8.0","","42.6","","0","","","","",""
"-82.67","42.04","KINGSVILLE MOE","6134190","1988-04","1988","04","12.4","E","2.0","E","7.2","E","21.5","","-4.0","","46.8","","0.0","T","46.8","","0","","","","",""
"-82.67","42.04","KINGSVILLE MOE","6134190","1988-05","1988","05","20.2","E","9.9","","15.1","E","28.5","","4.0","S","13.2","","0.0","","13.2","","0","","","","",""
"-82.67","42.04","KINGSVILLE MOE","6134190","1988-06","1988","06","25.7","E","13.9","","19.8","E","37.5","","6.5","","24.4","","0.0","","24.4","","0","","","","",""
"-82.67","42.04","KINGSVILLE MOE","6134190","1988-07","1988","07","28.7","","18.3","E","23.5","E","36.5","","8.0","","76.1","","0.0","","76.1","","0","","","","",""
"-82.67","42.04","KINGSVILLE MOE","6134190","1988-08","1988","08","27.9","","18.9","","23.4","","36.0","S","10.0","","85.0","","0.0","","85.0","","0","","","","",""
"-82.67","42.04","KINGSVILLE MOE","6134190","1988-09","1988","09","21.3","","12.7","E","17.0","E","25.5","S","6.0","","80.2","","0.0","","80.2","","0","","","","",""
"-82.67","42.04","KINGSVILLE MOE","6134190","1988-10","1988","10","11.8","","3.5","E","7.7","E","24.0","","-5.0","","74.7","","0.0","","74.7","","0","","","","",""
"-82.67","42.04","KINGSVILLE MOE","6134190","1988-11","1988","11","8.5","","2.2","E","5.4","E","16.5","","-2.0","S","102.0","","3.0","","105.0","","0","","","","",""
"-82.67","42.04","KINGSVILLE MOE","6134190","1988-12","1988","12","1.6","E","-6.3","E","-2.4","E","11.0","E","-19.0","","48.1","","14.2","E","62.3","E","","M","","","",""
"-82.67","42.04","KINGSVILLE MOE","6134190","1989-01","1989","01","2.8","E","-5.1","E","-1.2","E","11.0","E","-13.5","","25.9","","16.0","","41.9","","0","","","","",""
"-82.67","42.04","KINGSVILLE MOE","6134190","1989-02","1989","02","-1.5","E","-8.4","E","-5.0","E","7.0","","-17.0","","8.5","","11.0","","19.5","","","M","","","",""
"-82.67","42.04","KINGSVILLE MOE","6134190","1989-03","1989","03","5.0","E","-4.0","","0.5","E","20.0","E","-15.0","","49.7","E","4.0","","53.7","E","","M","","","",""
"-82.67","42.04","KINGSVILLE MOE","6134190","1989-04","1989","04","9.8","E","0.9","E","5.4","E","17.5","","-7.5","","76.7","","0.0","T","76.7","","0","","","","",""
"-82.67","42.04","KINGSVILLE MOE","6134190","1989-05","1989","05","17.5","E","8.1","E","12.8","E","25.0","S","1.0","","181.7","","0.0","","181.7","","0","","","","",""
"-82.67","42.04","KINGSVILLE MOE","6134190","1989-06","1989","06","22.5","","14.7","","18.6","","29.0","","8.5","","120.0","","0.0","","120.0","","0","","","","",""
"-82.67","42.04","KINGSVILLE MOE","6134190","1989-07","1989","07","25.7","","17.3","","21.5","","30.0","","12.0","S","199.6","","0.0","","199.6","","0","","","","",""
"-82.67","42.04","KINGSVILLE MOE","6134190","1989-08","1989","08","24.8","","16.4","","20.6","","29.0","","7.0","","75.8","","0.0","","75.8","","0","","","","",""
"-82.67","42.04","KINGSVILLE MOE","6134190","1989-09","1989","09","20.7","","12.5","","16.6","","27.0","S","1.5","","81.4","","0.0","","81.4","","0","","","","",""
"-82.67","42.04","KINGSVILLE MOE","6134190","1989-10","1989","10","15.3","","6.9","","11.1","","23.5","","-1.0","","65.6","","0.0","T","65.6","","0","","","","",""
"-82.67","42.04","KINGSVILLE MOE","6134190","1989-11","1989","11","6.7","","0.0","","3.4","","14.5","","-8.5","S","69.9","","2.0","","71.9","","0","","","","",""
"-82.67","42.04","KINGSVILLE MOE","6134190","1989-12","1989","12","-4.5","","-11.7","","-8.1","","4.5","","-22.5","","13.8","","30.6","","44.4","","","M","","","",""
"-82.67","42.04","KINGSVILLE MOE","6134190","1990-01","1990","01","3.1","","-2.8","","0.2","","11.0","","-13.0","","45.9","","6.0","","51.9","","","M","","","",""
"-82.67","42.04","KINGSVILLE MOE","6134190","1990-02","1990","02","2.7","","-4.2","","-0.8","","15.0","","-15.0","","125.0","","18.0","","143.0","","","M","","","",""
"-82.67","42.04","KINGSVILLE MOE","6134190","1990-03","1990","03","6.1","","-1.1","","2.5","","18.5","","-11.0","","44.4","","12.0","","56.4","","","M","","","",""
"-82.67","42.04","KINGSVILLE MOE","6134190","1990-04","1990","04","12.4","","4.0","","8.2","","26.5","","-5.0","S","73.2","","2.6","","75.8","","0","","","","",""
"-82.67","42.04","KINGSVILLE MOE","6134190","1990-05","1990","05","16.7","","9.4","","13.1","","23.0","","3.5","","107.7","","0.0","","107.7","","0","","","","",""
"-82.67","42.04","KINGSVILLE MOE","6134190","1990-06","1990","06","23.4","","15.8","","19.6","","31.0","","8.0","S","53.6","","0.0","","53.6","","0","","","","",""
"-82.67","42.04","KINGSVILLE MOE","6134190","1990-07","1990","07","24.7","","18.2","","21.5","","33.5","","12.0","","79.0","","0.0","","79.0","","0","","","","",""
"-82.67","42.04","KINGSVILLE MOE","6134190","1990-08","1990","08","24.2","","17.5","","20.9","","29.0","S","11.0","","89.4","","0.0","","89.4","","0","","","","",""
"-82.67","42.04","KINGSVILLE MOE","6134190","1990-09","1990","09","21.1","","13.3","","17.2","","29.0","","5.0","S","183.5","","0.0","","183.5","","0","","","","",""
"-82.67","42.04","KINGSVILLE MOE","6134190","1990-10","1990","10","14.8","","6.9","","10.9","","22.5","","0.0","S","85.7","","0.0","","85.7","","0","","","","",""
"-82.67","42.04","KINGSVILLE MOE","6134190","1990-11","1990","11","9.6","","2.8","","6.2","","18.0","","-3.0","S","65.8","","0.0","","65.8","","0","","","","",""
"-82.67","42.04","KINGSVILLE MOE","6134190","1990-12","1990","12","3.6","","-2.8","","0.4","","11.0","","-14.0","S","141.0","","11.6","","152.6","","","M","","","",""
"-82.67","42.04","KINGSVILLE MOE","6134190","1991-01","1991","01","-0.8","","-7.2","","-4.0","","5.5","","-16.5","S","32.8","","17.0","","49.8","","","","","","",""
"-82.67","42.04","KINGSVILLE MOE","6134190","1991-02","1991","02","1.6","E","-4.6","","-1.5","E","7.5","E","-14.5","","14.4","","22.5","E","36.9","E","","","","","",""
"-82.67","42.04","KINGSVILLE MOE","6134190","1991-03","1991","03","7.5","E","-0.9","E","3.3","E","19.5","E","-7.5","E","73.8","","1.0","","74.8","","0","","","","",""
"-82.67","42.04","KINGSVILLE MOE","6134190","1991-04","1991","04","13.1","E","5.5","E","9.1","E","21.0","E","-3.0","E","105.2","","0.0","","105.2","","0","","","","",""
"-82.67","42.04","KINGSVILLE MOE","6134190","1991-05","1991","05","21.8","","13.9","","17.9","","29.5","","3.5","","155.5","","0.0","","155.5","","0","","","","",""
"-82.67","42.04","KINGSVILLE MOE","6134190","1991-06","1991","06","26.2","E","17.4","","21.9","E","31.0","","11.0","","16.2","","0.0","","16.2","","0","","","","",""
"-82.67","42.04","KINGSVILLE MOE","6134190","1991-07","1991","07","27.9","E","19.0","E","23.5","E","32.5","E","13.5","E","25.2","","0.0","","25.2","","0","","","","",""
"-82.67","42.04","KINGSVILLE MOE","6134190","1991-08","1991","08","26.5","","17.7","","22.1","","32.0","","12.5","","101.1","","0.0","","101.1","","0","","","","",""
"-82.67","42.04","KINGSVILLE MOE","6134190","1991-09","1991","09","21.6","","12.0","","16.8","","30.0","","1.5","","34.4","","0.0","","34.4","","0","","","","",""
"-82.67","42.04","KINGSVILLE MOE","6134190","1991-10","1991","10","15.5","","8.5","","12.0","","23.5","","-1.0","","162.1","","0.0","","162.1","","0","","","","",""
"-82.67","42.04","KINGSVILLE MOE","6134190","1991-11","1991","11","6.2","","-0.3","","2.9","","15.0","S","-10.0","","73.1","","2.0","","75.1","","0","","","","",""
"-82.67","42.04","KINGSVILLE MOE","6134190","1991-12","1991","12","3.0","E","-3.8","E","-0.4","E","11.0","E","-12.0","E","34.7","","6.0","","40.7","","","","","","",""
"-82.67","42.04","KINGSVILLE MOE","6134190","1992-01","1992","01","0.6","","-6.2","","-2.8","","8.0","","-18.5","","15.6","E","24.0","","39.6","E","","M","","","",""
"-82.67","42.04","KINGSVILLE MOE","6134190","1992-02","1992","02","2.3","","-5.0","","-1.3","","8.0","","-14.5","S","56.2","","2.0","","58.2","","","M","","","",""
"-82.67","42.04","KINGSVILLE MOE","6134190","1992-03","1992","03","4.8","","-3.8","E","0.5","E","13.0","","-13.0","","50.8","","21.7","","72.5","","","M","","","",""
"-82.67","42.04","KINGSVILLE MOE","6134190","1992-04","1992","04","10.3","","1.8","","6.1","","22.5","","-6.0","","92.6","E","0.0","T","92.6","E","","M","","","",""
"-82.67","42.04","KINGSVILLE MOE","6134190","1992-05","1992","05","18.5","","7.8","E","13.1","E","27.5","","1.5","","35.3","","0.0","","35.3","","0","","","","",""
"-82.67","42.04","KINGSVILLE MOE","6134190","1992-06","1992","06","22.7","","12.6","","17.7","","29.0","","5.0","","64.1","","0.0","","64.1","","0","","","","",""
"-82.67","42.04","KINGSVILLE MOE","6134190","1992-07","1992","07","24.2","E","15.0","E","19.4","E","27.5","B","10.0","B","130.9","","0.0","","130.9","","0","","","","",""
"-82.67","42.04","KINGSVILLE MOE","6134190","1992-08","1992","08","23.7","","14.2","","19.0","","30.0","","9.0","","98.9","","0.0","","98.9","","0","","","","",""
"-82.67","42.04","KINGSVILLE MOE","6134190","1992-09","1992","09","20.9","","12.2","E","16.6","E","26.5","","2.0","","187.6","","0.0","","187.6","","0","","","","",""
"-82.67","42.04","KINGSVILLE MOE","6134190","1992-10","1992","10","14.1","E","4.3","","9.2","E","21.0","","-4.0","","60.1","E","0.0","","60.1","E","0","","","","",""
"-82.67","42.04","KINGSVILLE MOE","6134190","1992-11","1992","11","7.0","E","1.3","","4.1","E","13.0","S","-4.5","","118.4","","2.0","","120.4","","0","","","","",""
"-82.67","42.04","KINGSVILLE MOE","6134190","1992-12","1992","12","2.8","E","-2.8","E","0.1","E","10.0","E","-11.5","E","54.9","","3.0","","57.9","","","","","","",""
"-82.67","42.04","KINGSVILLE MOE","6134190","1993-01","1993","01","0.6","","-6.2","","-2.8","","9.0","S","-13.5","","83.0","","21.6","","104.6","","","","","","",""
"-82.67","42.04","KINGSVILLE MOE","6134190","1993-02","1993","02","-1.8","","-9.8","","-5.8","","7.5","","-18.0","","4.0","","38.0","","42.0","","","","","","",""
"-82.67","42.04","KINGSVILLE MOE","6134190","1993-03","1993","03","2.9","","-4.1","","-0.6","","14.5","","-15.0","S","55.6","","25.0","","80.6","","","","","","",""
"-82.67","42.04","KINGSVILLE MOE","6134190","1993-04","1993","04","11.6","E","1.9","E","6.7","E","20.0","","-3.0","","90.1","","0.6","","90.7","","0","","","","",""
"-82.67","42.04","KINGSVILLE MOE","6134190","1993-05","1993","05","19.4","","8.3","E","13.9","E","27.5","","3.5","","53.4","","0.0","","53.4","","0","","","","",""
"-82.67","42.04","KINGSVILLE MOE","6134190","1993-06","1993","06","23.0","","13.8","","18.4","","29.0","","5.0","","113.0","","0.0","","113.0","","0","","","","",""
"-82.67","42.04","KINGSVILLE MOE","6134190","1993-07","1993","07","27.5","","17.9","","22.7","","32.0","","13.0","S","47.0","E","0.0","","47.0","E","0","","","","",""
"-82.67","42.04","KINGSVILLE MOE","6134190","1993-08","1993","08","27.3","","17.2","","22.2","","31.5","S","10.5","","22.5","","0.0","","22.5","","0","","","","",""
"-82.67","42.04","KINGSVILLE MOE","6134190","1993-09","1993","09","19.6","","10.1","","14.9","","27.0","","-0.5","","105.4","","0.0","","105.4","","0","","","","",""
"-82.67","42.04","KINGSVILLE MOE","6134190","1993-10","1993","10","13.5","E","4.2","E","8.7","E","22.0","B","-2.0","E","45.6","E","0.8","","46.4","E","","M","","","",""
"-82.67","42.04","KINGSVILLE MOE","6134190","1993-11","1993","11","7.3","E","0.1","E","3.6","E","14.0","E","-6.0","E","66.6","","0.0","T","66.6","","0","","","","",""
"-82.67","42.04","KINGSVILLE MOE","6134190","1993-12","1993","12","1.7","","-5.3","E","-1.8","E","11.0","","-20.0","","29.2","","12.5","","41.7","","","","","","",""
"-82.67","42.04","KINGSVILLE MOE","6134190","1994-01","1994","01","-5.5","E","-15.6","E","-11.0","I","4.0","E","-29.0","E","39.0","","39.7","E","78.7","E","","M","","","",""
"-82.67","42.04","KINGSVILLE MOE","6134190","1994-02","1994","02","-1.3","E","-11.4","E","-6.3","E","10.0","E","-26.0","E","12.0","","43.1","E","55.1","E","","M","","","",""
"-82.67","42.04","KINGSVILLE MOE","6134190","1994-03","1994","03","5.1","E","-4.0","E","0.5","E","16.0","","-17.0","","55.5","","19.3","","74.8","","","","","","",""
"-82.67","42.04","KINGSVILLE MOE","6134190","1994-04","1994","04","13.0","","2.2","E","7.6","E","25.0","","-5.0","S","95.7","E","6.0","","101.7","E","","","","","",""
"-82.67","42.04","KINGSVILLE MOE","6134190","1994-05","1994","05","18.2","E","6.4","E","12.3","E","29.0","E","0.0","","52.5","","0.0","","52.5","","0","","","","",""
"-82.67","42.04","KINGSVILLE MOE","6134190","1994-06","1994","06","26.2","E","15.5","","20.9","E","33.5","","5.0","","97.5","","0.0","","97.5","","0","","","","",""
"-82.67","42.04","KINGSVILLE MOE","6134190","1994-07","1994","07","27.2","E","17.4","","22.3","E","32.0","","6.0","","44.2","E","0.0","","44.2","E","0","","","","",""
"-82.67","42.04","KINGSVILLE MOE","6134190","1994-08","1994","08","24.4","","14.2","E","19.3","E","30.0","","6.0","","124.3","E","0.0","","124.3","E","0","","","","",""
"-82.67","42.04","KINGSVILLE MOE","6134190","1994-09","1994","09","22.6","","13.6","E","18.1","E","27.5","","6.0","","101.0","","0.0","","101.0","","0","","","","",""
"-82.67","42.04","KINGSVILLE MOE","6134190","1994-10","1994","10","16.1","E","8.2","E","12.2","E","23.0","E","2.0","S","42.4","","0.0","","42.4","","0","","","","",""
"-82.67","42.04","KINGSVILLE MOE","6134190","1994-11","1994","11","10.3","E","3.4","E","6.9","E","15.5","","-7.0","","67.3","","0.0","","67.3","","0","","","","",""
"-82.67","42.04","KINGSVILLE MOE","6134190","1994-12","1994","12","4.2","E","-1.1","E","1.6","E","13.0","","-9.0","","43.7","","20.5","","64.2","","0","","","","",""
"-82.67","42.04","KINGSVILLE MOE","6134190","1995-01","1995","01","0.8","","-5.5","E","-2.4","E","13.0","","-15.0","","61.1","","29.9","","91.0","","","","","","",""
"-82.67","42.04","KINGSVILLE MOE","6134190","1995-02","1995","02","-0.9","","-8.1","","-4.5","","7.0","","-20.0","","9.5","","6.2","","15.7","","","","","","",""
"-82.67","42.04","KINGSVILLE MOE","6134190","1995-03","1995","03","7.8","","-1.6","E","3.1","E","19.0","","-11.0","S","53.4","","6.9","","60.3","","","","","","",""
"-82.67","42.04","KINGSVILLE MOE","6134190","1995-04","1995","04","10.3","","1.7","E","6.0","E","18.0","","-8.5","","103.4","","0.0","T","103.4","","0","","","","",""
"-82.67","42.04","KINGSVILLE MOE","6134190","1995-05","1995","05","18.3","E","9.7","","14.0","E","24.0","","4.0","","115.4","","0.0","","115.4","","0","","","","",""
"-82.67","42.04","KINGSVILLE MOE","6134190","1995-06","1995","06","25.5","","16.6","","21.1","","35.0","","9.0","S","15.8","","0.0","","15.8","","0","","","","",""
"-82.67","42.04","KINGSVILLE MOE","6134190","1995-07","1995","07","27.8","E","18.8","E","23.3","E","35.0","","12.0","","70.4","","0.0","","70.4","","0","","","","",""
"-82.67","42.04","KINGSVILLE MOE","6134190","1995-08","1995","08","28.4","E","19.5","E","24.0","E","33.0","","10.5","","100.8","","0.0","","100.8","","0","","","","",""
"-82.67","42.04","KINGSVILLE MOE","6134190","1995-09","1995","09","21.3","","11.8","E","16.6","E","28.5","","2.0","","31.1","","0.0","","31.1","","0","","","","",""
"-82.67","42.04","KINGSVILLE MOE","6134190","1995-10","1995","10","16.5","","9.1","","12.8","","24.0","","0.5","","95.1","","0.0","","95.1","","0","","","","",""
"-82.67","42.04","KINGSVILLE MOE","6134190","1995-11","1995","11","5.3","E","-1.3","","2.0","E","16.5","","-7.5","","77.7","","3.0","","80.7","","0","","","","",""
"-82.67","42.04","KINGSVILLE MOE","6134190","1995-12","1995","12","-0.1","","-6.5","","-3.3","","12.5","","-15.5","","18.5","","13.4","","31.9","","","","","","",""
"-82.67","42.04","KINGSVILLE MOE","6134190","1996-01","1996","01","-1.7","","-8.3","","-5.0","","9.0","","-18.0","","39.9","","9.0","","48.9","","","","","","",""
"-82.67","42.04","KINGSVILLE MOE","6134190","1996-02","1996","02","0.3","E","-7.6","E","-3.6","E","12.0","S","-21.0","","41.9","","14.0","","55.9","","","","","","",""
"-82.67","42.04","KINGSVILLE MOE","6134190","1996-03","1996","03","3.3","","-5.5","","-1.1","","13.0","S","-17.0","","37.8","","30.2","","68.0","","","","","","",""
"-82.67","42.04","KINGSVILLE MOE","6134190","1996-04","1996","04","10.6","","1.3","","6.0","","20.0","S","-7.0","","104.0","","5.0","","109.0","","","","","","",""
"-82.67","42.04","KINGSVILLE MOE","6134190","1996-05","1996","05","16.7","","8.2","E","12.5","E","25.5","","0.5","E","35.2","","0.0","","35.2","","0","","","","",""
"-82.67","42.04","KINGSVILLE MOE","6134190","1996-06","1996","06","24.4","E","16.4","","20.4","E","36.0","","11.0","S","93.1","","0.0","","93.1","","0","","","","",""
"-82.67","42.04","KINGSVILLE MOE","6134190","1996-07","1996","07","26.1","","16.6","","21.4","","30.5","","11.0","S","105.1","","0.0","","105.1","","0","","","","",""
"-82.67","42.04","KINGSVILLE MOE","6134190","1996-08","1996","08","27.4","E","17.5","E","22.5","E","30.5","","12.5","E","17.5","","0.0","","17.5","","0","","","","",""
"-82.67","42.04","KINGSVILLE MOE","6134190","1996-09","1996","09","22.2","","13.7","","18.0","","30.0","","6.0","","220.8","","0.0","","220.8","","0","","","","",""
"-82.67","42.04","KINGSVILLE MOE","6134190","1996-10","1996","10","15.1","E","8.0","E","11.6","E","22.5","","0.0","S","63.6","","0.0","","63.6","","0","","","","",""
"-82.67","42.04","KINGSVILLE MOE","6134190","1996-11","1996","11","4.7","E","-1.5","E","1.6","E","16.0","","-11.5","","42.0","","12.8","","54.8","","","M","","","",""
"-82.67","42.04","KINGSVILLE MOE","6134190","1996-12","1996","12","2.7","E","-2.7","E","0.0","E","10.0","","-13.5","","73.9","","22.3","","96.2","","","","","","",""
"-82.67","42.04","KINGSVILLE MOE","6134190","1997-01","1997","01","-1.0","","-8.9","","-4.9","","10.5","","-19.0","","21.5","","37.5","","59.0","","","","","","",""
"-82.67","42.04","KINGSVILLE MOE","6134190","1997-02","1997","02","2.8","","-4.0","","-0.6","","11.5","","-14.5","","109.3","","18.1","","127.4","","","","","","",""
"-82.67","42.04","KINGSVILLE MOE","6134190","1997-03","1997","03","5.9","E","-1.8","E","2.1","E","17.0","","-10.0","S","80.2","","10.2","E","90.4","E","","","","","",""
"-82.67","42.04","KINGSVILLE MOE","6134190","1997-04","1997","04","11.6","","1.9","","6.8","","18.5","","-7.0","","47.3","","0.0","T","47.3","","0","","","","",""
"-82.67","42.04","KINGSVILLE MOE","6134190","1997-05","1997","05","15.7","I","6.8","I","11.3","I","21.5","I","0.0","I","109.2","","0.0","","109.2","","0","","","","",""
"-82.67","42.04","KINGSVILLE MOE","6134190","1997-06","1997","06","24.3","","16.2","","20.2","","33.0","","9.0","S","118.6","","0.0","","118.6","","0","","","","",""
"-82.67","42.04","KINGSVILLE MOE","6134190","1997-07","1997","07","26.3","E","17.9","E","22.1","E","33.0","","11.0","","35.4","","0.0","","35.4","","0","","","","",""
"-82.67","42.04","KINGSVILLE MOE","6134190","1997-08","1997","08","24.1","E","16.2","","20.2","E","29.5","B","10.0","","96.0","","0.0","","96.0","","0","","","","",""
"-82.67","42.04","KINGSVILLE MOE","6134190","1997-09","1997","09","21.8","","13.6","","17.7","","28.0","","6.0","","81.4","","0.0","","81.4","","0","","","","",""
"-82.67","42.04","KINGSVILLE MOE","6134190","1997-10","1997","10","15.5","E","7.5","E","11.5","E","25.0","","-2.0","S","57.6","","0.0","","57.6","","0","","","","",""
"-82.67","42.04","KINGSVILLE MOE","6134190","1997-11","1997","11","6.0","E","0.0","E","3.0","E","12.5","","-8.0","","22.8","","9.0","","31.8","","","M","","","",""
"-82.67","42.04","KINGSVILLE MOE","6134190","1997-12","1997","12","2.8","","-1.4","E","0.7","E","6.0","S","-11.0","E","46.0","","15.0","E","61.0","E","","","","","",""
"-82.67","42.04","KINGSVILLE MOE","6134190","1998-01","1998","01","3.0","","-2.0","","0.5","","12.0","","-11.0","","73.5","","23.8","E","97.3","E","","M","","","",""
"-82.67","42.04","KINGSVILLE MOE","6134190","1998-02","1998","02","5.0","","-0.5","","2.3","","11.0","","-5.5","S","92.7","","0.0","T","92.7","","0","","","","",""
"-82.67","42.04","KINGSVILLE MOE","6134190","1998-03","1998","03","6.9","E","0.1","","3.5","E","20.5","","-9.5","","67.3","","7.8","","75.1","","","M","","","",""
"-82.67","42.04","KINGSVILLE MOE","6134190","1998-04","1998","04","13.7","E","5.1","E","9.4","E","23.5","","-2.5","","124.4","","0.0","","124.4","","0","","","","",""
"-82.67","42.04","KINGSVILLE MOE","6134190","1998-05","1998","05","22.7","E","13.4","E","17.9","E","31.0","S","7.5","E","41.0","","0.0","","41.0","","0","","","","",""
"-82.67","42.04","KINGSVILLE MOE","6134190","1998-06","1998","06","23.8","","15.8","E","19.7","E","33.0","","5.5","E","37.9","","0.0","","37.9","","0","","","","",""
"-82.67","42.04","KINGSVILLE MOE","6134190","1998-07","1998","07","27.0","","19.0","E","23.0","E","30.5","S","12.0","","89.8","","0.0","","89.8","","0","","","","",""
"-82.67","42.04","KINGSVILLE MOE","6134190","1998-08","1998","08","26.7","E","18.4","E","22.6","E","30.0","","12.0","S","89.3","","0.0","","89.3","","0","","","","",""
"-82.67","42.04","KINGSVILLE MOE","6134190","1998-09","1998","09","24.3","E","15.6","E","20.0","E","29.5","E","6.0","E","23.0","E","0.0","","23.0","E","0","","","","",""
"-82.67","42.04","KINGSVILLE MOE","6134190","1998-10","1998","10","16.4","E","8.6","","12.6","E","25.0","E","1.5","S","37.1","","0.0","","37.1","","0","","","","",""
"-82.67","42.04","KINGSVILLE MOE","6134190","1998-11","1998","11","10.0","E","3.9","","6.9","E","15.0","B","-2.0","","41.8","","0.0","","41.8","","0","","","","",""
"-82.67","42.04","KINGSVILLE MOE","6134190","1998-12","1998","12","5.5","E","-1.2","E","2.2","E","15.0","","-13.0","","27.4","","4.0","","31.4","","","M","","","",""
"-82.67","42.04","KINGSVILLE MOE","6134190","1999-01","1999","01","-0.1","","-8.3","","-4.2","","11.5","","-18.5","","70.7","","91.2","E","161.9","E","","","","","",""
"-82.67","42.04","KINGSVILLE MOE","6134190","1999-02","1999","02","3.4","E","-3.0","E","0.2","E","14.0","","-11.0","E","40.3","","18.0","","58.3","","","","","","",""
"-82.67","42.04","KINGSVILLE MOE","6134190","1999-03","1999","03","5.1","","-2.5","","1.3","","16.5","S","-14.0","","24.5","","47.0","","71.5","","0","","","","",""
"-82.67","42.04","KINGSVILLE MOE","6134190","1999-04","1999","04","13.6","","5.0","","9.3","","19.5","S","0.5","","119.5","","0.0","","119.5","","0","","","","",""
"-82.67","42.04","KINGSVILLE MOE","6134190","1999-05","1999","05","21.2","","11.5","","16.4","","29.5","","6.0","S","35.6","","0.0","","35.6","","0","","","","",""
"-82.67","42.04","KINGSVILLE MOE","6134190","1999-06","1999","06","26.0","E","17.6","E","21.8","E","32.0","S","8.5","","41.9","","0.0","","41.9","","0","","","","",""
"-82.67","42.04","KINGSVILLE MOE","6134190","1999-07","1999","07","28.9","E","20.7","","24.8","E","33.0","S","14.0","S","49.7","","0.0","","49.7","","0","","","","",""
"-82.67","42.04","KINGSVILLE MOE","6134190","1999-08","1999","08","25.0","E","16.9","","21.0","E","31.0","","11.0","S","66.7","","0.0","","66.7","","0","","","","",""
"-82.67","42.04","KINGSVILLE MOE","6134190","1999-09","1999","09","23.8","E","14.3","E","19.1","E","30.0","","3.5","E","27.6","","0.0","","27.6","","0","","","","",""
"-82.67","42.04","KINGSVILLE MOE","6134190","1999-10","1999","10","15.4","E","6.9","E","11.2","E","22.0","","1.5","B","57.4","","0.0","","57.4","","0","","","","",""
"-82.67","42.04","KINGSVILLE MOE","6134190","1999-11","1999","11","10.0","E","3.4","","6.8","E","18.0","","-4.5","","46.6","","0.0","","46.6","","0","","","","",""
"-82.67","42.04","KINGSVILLE MOE","6134190","1999-12","1999","12","3.3","","-2.3","","0.5","","13.5","","-11.0","","53.9","","3.6","","57.5","","","M","","","",""
"-82.67","42.04","KINGSVILLE MOE","6134190","2000-01","2000","01","-0.4","","-7.5","","-4.0","","12.5","","-18.0","","16.6","","16.2","E","32.8","E","","M","","","",""
"-82.67","42.04","KINGSVILLE MOE","6134190","2000-02","2000","02","3.2","","-4.7","E","-0.9","E","16.0","","-13.0","E","11.6","","18.0","","29.6","","","M","","","",""
"-82.67","42.04","KINGSVILLE MOE","6134190","2000-03","2000","03","9.3","E","1.4","E","5.4","E","18.5","S","-5.5","","35.0","","12.0","","47.0","","0","","","","",""
"-82.67","42.04","KINGSVILLE MOE","6134190","2000-04","2000","04","12.1","E","4.0","E","8.1","E","20.5","","-3.0","E","87.1","","2.8","","89.9","","0","","","","",""
"-82.67","42.04","KINGSVILLE MOE","6134190","2000-05","2000","05","20.2","","11.7","E","16.0","E","27.0","","5.0","","104.5","E","0.0","","104.5","E","0","","","","",""
"-82.67","42.04","KINGSVILLE MOE","6134190","2000-06","2000","06","24.2","","16.7","","20.5","","29.0","","9.5","","103.9","","0.0","","103.9","","0","","","","",""
"-82.67","42.04","KINGSVILLE MOE","6134190","2000-07","2000","07","25.6","E","17.4","E","21.5","E","29.5","E","13.0","B","148.2","","0.0","","148.2","","0","","","","",""
"-82.67","42.04","KINGSVILLE MOE","6134190","2000-08","2000","08","25.7","E","17.4","","21.6","E","29.5","","11.0","","88.0","E","0.0","","88.0","E","0","","","","",""
"-82.67","42.04","KINGSVILLE MOE","6134190","2000-09","2000","09","21.6","E","13.7","E","17.6","E","28.5","S","5.5","S","70.7","","0.0","","70.7","","0","","","","",""
"-82.67","42.04","KINGSVILLE MOE","6134190","2000-10","2000","10","17.2","E","8.8","E","13.0","E","23.5","","0.5","E","65.3","","0.0","","65.3","","0","","","","",""
"-82.67","42.04","KINGSVILLE MOE","6134190","2000-11","2000","11","8.0","","2.6","E","5.3","E","18.5","","-8.5","E","32.7","E","1.2","","33.9","E","0","","","","",""
"-82.67","42.04","KINGSVILLE MOE","6134190","2000-12","2000","12","","","","","","","","","","","","","","","","","","","","","",""
"-82.67","42.04","KINGSVILLE MOE","6134190","2001-01","2001","01","-0.3","","-5.4","E","-2.9","E","5.0","","-15.0","S","10.0","E","9.6","E","19.6","E","","M","","","",""
"-82.67","42.04","KINGSVILLE MOE","6134190","2001-02","2001","02","1.9","E","-4.3","","-1.2","E","10.5","","-12.0","","54.3","E","3.0","","57.3","E","0","","","","",""
"-82.67","42.04","KINGSVILLE MOE","6134190","2001-03","2001","03","4.3","","-2.4","E","1.0","E","12.0","S","-11.5","","16.1","","12.0","","28.1","","0","","","","",""
"-82.67","42.04","KINGSVILLE MOE","6134190","2001-04","2001","04","13.5","E","4.7","E","9.1","E","23.0","S","-2.0","S","72.2","","0.0","T","72.2","","0","","","","",""
"-82.67","42.04","KINGSVILLE MOE","6134190","2001-05","2001","05","20.9","E","11.5","E","16.2","E","30.0","B","4.0","","74.2","","0.0","","74.2","","0","","","","",""
"-82.67","42.04","KINGSVILLE MOE","6134190","2001-06","2001","06","24.8","","16.3","E","20.6","E","32.0","","8.0","","34.1","","0.0","","34.1","","0","","","","",""
"-82.67","42.04","KINGSVILLE MOE","6134190","2001-07","2001","07","27.3","E","18.8","E","23.1","E","31.5","B","7.5","","30.3","","0.0","","30.3","","0","","","","",""
"-82.67","42.04","KINGSVILLE MOE","6134190","2001-08","2001","08","27.2","","19.3","E","23.2","E","32.0","","14.0","S","34.8","E","0.0","","34.8","E","0","","","","",""
"-82.67","42.04","KINGSVILLE MOE","6134190","2001-09","2001","09","21.2","E","13.5","E","17.3","E","29.5","","4.5","E","108.6","","0.0","","108.6","","0","","","","",""
"-82.67","42.04","KINGSVILLE MOE","6134190","2001-10","2001","10","14.5","","8.4","E","11.5","E","22.5","","0.0","B","139.9","","0.0","","139.9","","0","","","","",""
"-82.67","42.04","KINGSVILLE MOE","6134190","2001-11","2001","11","12.0","","5.7","E","8.9","E","17.0","","0.0","S","65.8","","0.0","","65.8","","0","","","","",""
"-82.67","42.04","KINGSVILLE MOE","6134190","2001-12","2001","12","5.1","E","0.4","E","2.8","E","14.5","","-9.0","B","52.6","","3.0","","55.6","","2","","","","",""
"-82.67","42.04","KINGSVILLE MOE","6134190","2002-01","2002","01","2.7","","-2.4","","0.2","","10.0","","-9.0","S","58.4","","13.5","E","71.9","E","","M","","","",""
"-82.67","42.04","KINGSVILLE MOE","6134190","2002-02","2002","02","3.4","E","-2.4","E","0.5","E","10.5","","-9.0","","24.6","","6.0","","30.6","","4","","","","",""
"-82.67","42.04","KINGSVILLE MOE","6134190","2002-03","2002","03","","","","","","","","","","","","","","","","","","","","","",""
"-82.67","42.04","KINGSVILLE MOE","6134190","2002-04","2002","04","12.7","E","4.4","E","8.4","I","27.0","E","-6.0","E","157.5","","7.0","","164.5","","0","","","","",""
"-82.67","42.04","KINGSVILLE MOE","6134190","2002-05","2002","05","16.6","E","8.1","E","12.4","E","30.0","E","0.0","E","97.1","E","0.0","","97.1","E","0","","","","",""
"-82.67","42.04","KINGSVILLE MOE","6134190","2002-06","2002","06","25.0","","16.6","E","20.8","E","30.5","","9.0","E","15.7","","0.0","","15.7","","0","","","","",""
"-82.67","42.04","KINGSVILLE MOE","6134190","2002-07","2002","07","28.4","","19.7","E","24.1","E","33.5","","12.5","","82.7","","0.0","","82.7","","0","","","","",""
"-82.67","42.04","KINGSVILLE MOE","6134190","2002-08","2002","08","26.8","","18.9","E","22.9","E","31.0","","12.0","","25.0","E","0.0","","25.0","E","0","","","","",""
"-82.67","42.04","KINGSVILLE MOE","6134190","2002-09","2002","09","24.7","","16.1","","20.4","","30.0","","9.5","","40.9","","0.0","","40.9","","0","","","","",""
"-82.67","42.04","KINGSVILLE MOE","6134190","2002-10","2002","10","14.1","","7.1","E","10.6","E","26.5","","-1.0","E","30.2","","0.0","","30.2","","0","","","","",""
"-82.67","42.04","KINGSVILLE MOE","6134190","2002-11","2002","11","6.6","E","1.4","E","4.0","E","14.5","","-5.5","","55.4","","4.0","","59.4","","0","","","","",""
"-82.67","42.04","KINGSVILLE MOE","6134190","2002-12","2002","12","1.3","","-3.7","E","-1.2","E","7.5","S","-15.0","E","38.5","","18.0","","56.5","","0","","","","",""
"-82.67","42.04","KINGSVILLE MOE","6134190","2003-01","2003","01","-3.3","E","-8.5","E","-5.8","E","4.5","","-20.0","E","0.0","","18.0","E","18.0","E","5","","","","",""
"-82.67","42.04","KINGSVILLE MOE","6134190","2003-02","2003","02","-1.8","E","-8.2","E","-5.0","E","6.0","","-18.0","","19.7","","37.3","E","57.0","E","5","","","","",""
"-82.67","42.04","KINGSVILLE MOE","6134190","2003-03","2003","03","5.8","E","-2.8","E","1.5","E","17.5","","-20.0","","37.0","","6.0","","43.0","","2","","","","",""
"-82.67","42.04","KINGSVILLE MOE","6134190","2003-04","2003","04","11.8","","3.2","","7.5","","21.5","","-5.5","","68.3","","1.0","","69.3","","0","","","","",""
"-82.67","42.04","KINGSVILLE MOE","6134190","2003-05","2003","05","16.9","E","8.9","","12.9","E","22.0","B","3.5","","157.9","","0.0","","157.9","","0","","","","",""
"-82.67","42.04","KINGSVILLE MOE","6134190","2003-06","2003","06","22.6","E","14.6","E","18.6","E","30.0","S","6.0","","84.1","","0.0","","84.1","","0","","","","",""
"-82.67","42.04","KINGSVILLE MOE","6134190","2003-07","2003","07","26.4","E","18.0","E","22.2","E","30.0","","12.0","","143.2","","0.0","","143.2","","0","","","","",""
"-82.67","42.04","KINGSVILLE MOE","6134190","2003-08","2003","08","26.1","E","18.3","E","22.3","E","30.0","E","14.0","B","136.2","","0.0","","136.2","","0","","","","",""
"-82.67","42.04","KINGSVILLE MOE","6134190","2003-09","2003","09","21.6","E","13.9","","17.8","E","27.0","","5.5","","80.1","E","0.0","","80.1","E","0","","","","",""
"-82.67","42.04","KINGSVILLE MOE","6134190","2003-10","2003","10","14.6","E","7.1","","10.9","E","24.0","E","1.0","","60.1","","0.0","","60.1","","0","","","","",""
"-82.67","42.04","KINGSVILLE MOE","6134190","2003-11","2003","11","9.8","E","3.3","E","6.5","E","19.5","","-8.0","E","68.6","E","0.0","T","68.6","E","0","","","","",""
"-82.67","42.04","KINGSVILLE MOE","6134190","2003-12","2003","12","3.2","","-1.7","","0.8","","7.5","S","-8.5","","69.5","","3.8","","73.3","","0","","","","",""
"-82.67","42.04","KINGSVILLE MOE","6134190","2004-01","2004","01","-3.3","E","-10.1","E","-6.7","E","13.0","","-22.5","E","11.2","","48.0","","59.2","","13","","","","",""
"-82.67","42.04","KINGSVILLE MOE","6134190","2004-02","2004","02","1.8","E","-5.1","","-1.7","E","9.5","E","-14.0","","14.0","E","1.0","","15.0","E","0","","","","",""
"-82.67","42.04","KINGSVILLE MOE","6134190","2004-03","2004","03","6.9","E","0.5","E","3.7","E","16.0","E","-7.5","","98.7","E","18.0","","116.7","E","0","","","","",""
"-82.67","42.04","KINGSVILLE MOE","6134190","2004-04","2004","04","13.2","E","4.4","E","8.8","E","26.5","E","-3.0","","48.7","E","0.0","T","48.7","E","0","","","","",""
"-82.67","42.04","KINGSVILLE MOE","6134190","2004-05","2004","05","19.4","","10.3","","14.9","","27.0","","1.5","","172.9","E","0.0","","172.9","E","0","","","","",""
"-82.67","42.04","KINGSVILLE MOE","6134190","2004-06","2004","06","23.0","E","15.3","E","19.2","E","29.0","","8.5","S","44.3","E","0.0","","44.3","E","0","","","","",""
"-82.67","42.04","KINGSVILLE MOE","6134190","2004-07","2004","07","25.3","E","17.7","E","21.5","E","29.5","","13.0","S","65.1","E","0.0","","65.1","E","0","","","","",""
"-82.67","42.04","KINGSVILLE MOE","6134190","2004-08","2004","08","23.5","E","16.5","E","20.0","E","29.5","","10.5","","75.2","","0.0","","75.2","","0","","","","",""
"-82.67","42.04","KINGSVILLE MOE","6134190","2004-09","2004","09","23.2","E","15.7","E","19.5","E","27.5","","6.5","E","15.1","E","0.0","","15.1","E","0","","","","",""
"-82.67","42.04","KINGSVILLE MOE","6134190","2004-10","2004","10","16.0","E","9.3","I","12.7","I","22.0","E","3.0","I","36.5","","0.0","","36.5","","0","","","","",""
"-82.67","42.04","KINGSVILLE MOE","6134190","2004-11","2004","11","11.3","I","4.6","I","7.9","I","16.5","I","-3.0","I","37.8","I","0.0","T","37.8","I","0","","","","",""
"-82.67","42.04","KINGSVILLE MOE","6134190","2004-12","2004","12","-2.0","I","-8.3","I","-4.7","I","5.5","I","-17.5","I","10.0","","23.0","","33.0","","6","","","","",""
"-82.67","42.04","KINGSVILLE MOE","6134190","2005-01","2005","01","-1.4","E","-7.5","E","-4.5","E","11.5","","-21.5","E","29.0","","79.0","","108.0","","10","","","","",""
"-82.67","42.04","KINGSVILLE MOE","6134190","2005-02","2005","02","1.1","E","-4.5","E","-1.7","E","9.5","","-15.0","","30.0","E","31.6","","61.6","E","4","","","","",""
"-82.67","42.04","KINGSVILLE MOE","6134190","2005-03","2005","03","3.6","E","-2.7","","0.4","E","15.5","","-13.0","","1.0","","30.5","","31.5","","0","","","","",""
"-82.67","42.04","KINGSVILLE MOE","6134190","2005-04","2005","04","13.8","E","5.1","E","9.5","E","23.5","","0.0","","86.2","","10.5","E","96.7","E","0","","","","",""
"-82.67","42.04","KINGSVILLE MOE","6134190","2005-05","2005","05","17.1","E","9.0","E","13.1","E","24.0","","2.0","","17.5","E","0.0","","17.5","E","0","","","","",""
"-82.67","42.04","KINGSVILLE MOE","6134190","2005-06","2005","06","27.0","E","18.8","E","22.9","E","32.5","S","10.0","","15.0","","0.0","","15.0","","0","","","","",""
"-82.67","42.04","KINGSVILLE MOE","6134190","2005-07","2005","07","28.6","","20.0","E","24.3","E","34.0","","14.0","S","78.5","","0.0","","78.5","","0","","","","",""
"-82.67","42.04","KINGSVILLE MOE","6134190","2005-08","2005","08","27.7","E","19.8","E","23.8","E","31.5","","14.0","S","67.8","E","0.0","","67.8","E","0","","","","",""
"-82.67","42.04","KINGSVILLE MOE","6134190","2005-09","2005","09","24.0","E","16.3","E","20.2","E","28.0","","6.0","","86.5","E","0.0","","86.5","E","0","","","","",""
"-82.67","42.04","KINGSVILLE MOE","6134190","2005-10","2005","10","16.5","E","9.3","E","12.9","E","26.0","","0.0","","9.3","","0.0","","9.3","","0","","","","",""
"-82.67","42.04","KINGSVILLE MOE","6134190","2005-11","2005","11","9.5","E","3.3","E","6.4","E","18.5","S","-10.0","","82.9","","2.5","","85.4","","0","","","","",""
"-82.67","42.04","KINGSVILLE MOE","6134190","2005-12","2005","12","-0.3","","-4.9","","-2.6","","6.5","","-12.0","S","32.0","","62.0","","94.0","","5","","","","",""
"-82.67","42.04","KINGSVILLE MOE","6134190","2006-01","2006","01","4.0","E","-0.6","E","1.7","E","10.0","","-6.0","S","47.0","E","8.0","","55.0","E","0","","","","",""
"-82.67","42.04","KINGSVILLE MOE","6134190","2006-02","2006","02","1.2","","-4.4","","-1.7","","11.0","","-14.5","","44.0","E","12.0","","56.0","E","0","T","","","",""
"-82.67","42.04","KINGSVILLE MOE","6134190","2006-03","2006","03","6.4","","-0.9","","2.8","","16.5","","-7.0","","50.0","","0.0","T","50.0","","0","","","","",""
"-82.67","42.04","KINGSVILLE MOE","6134190","2006-04","2006","04","14.9","","5.6","","10.2","","26.5","","-3.0","","58.6","","0.0","T","58.6","","0","","","","",""
"-82.67","42.04","KINGSVILLE MOE","6134190","2006-05","2006","05","18.9","","11.2","","15.1","","29.5","","4.0","","104.5","","0.0","","104.5","","0","","","","",""
"-82.67","42.04","KINGSVILLE MOE","6134190","2006-06","2006","06","24.2","","16.0","","20.1","","29.0","","9.0","","74.3","","0.0","","74.3","","0","","","","",""
"-82.67","42.04","KINGSVILLE MOE","6134190","2006-07","2006","07","27.6","E","20.0","E","23.9","E","32.0","","12.5","","76.3","","0.0","","76.3","","0","","","","",""
"-82.67","42.04","KINGSVILLE MOE","6134190","2006-08","2006","08","26.3","","18.4","E","22.4","E","31.0","S","12.0","","73.1","","0.0","","73.1","","0","","","","",""
"-82.67","42.04","KINGSVILLE MOE","6134190","2006-09","2006","09","20.4","","13.7","","17.1","","25.0","","5.0","","99.2","I","0.0","","99.2","I","0","","","","",""
"-82.67","42.04","KINGSVILLE MOE","6134190","2006-10","2006","10","13.4","","7.0","E","10.2","E","23.0","","0.0","","126.6","","0.0","","126.6","","0","","","","",""
"-82.67","42.04","KINGSVILLE MOE","6134190","2006-11","2006","11","8.8","E","3.2","E","6.0","E","14.5","","-3.5","S","55.9","","0.0","T","55.9","","0","","","","",""
"-82.67","42.04","KINGSVILLE MOE","6134190","2006-12","2006","12","5.0","","0.5","","2.8","","12.0","","-7.5","","59.6","","0.0","T","59.6","","0","","","","",""
