Longitude (x),Latitude (y),Station Name,Climate ID,Date/Time,Year,Month,Mean Max Temp (°C),Mean Max Temp Flag,Mean Min Temp (°C),Mean Min Temp Flag,Mean Temp (°C),Mean Temp Flag,Extr Max Temp (°C),Extr Max Temp Flag,Extr Min Temp (°C),Extr Min Temp Flag,Total Rain (mm),Total Rain Flag,Total Snow (cm),Total Snow Flag,Total Precip (mm),Total Precip Flag,Snow Grnd Last Day (cm),Snow Grnd Last Day Flag,Dir of Max Gust (10's deg),Dir of Max Gust Flag,Spd of Max Gust (km/h),Spd of Max Gust Flag
-125.77,49.08,TOFINO A,1038205,Jan-42,1942,1,,,,,,,,,,,,M,,M,,M,,,,,,
-125.77,49.08,TOFINO A,1038205,Feb-42,1942,2,,,,,,,,,,,,M,,M,,M,,,,,,
-125.77,49.08,TOFINO A,1038205,Mar-42,1942,3,,,,,,,,,,,,M,,M,,M,,,,,,
-125.77,49.08,TOFINO A,1038205,Apr-42,1942,4,,,,,,,,,,,,M,,M,,M,,,,,,
-125.77,49.08,TOFINO A,1038205,May-42,1942,5,,,,,,,,,,,,M,,M,,M,,,,,,
-125.77,49.08,TOFINO A,1038205,Jun-42,1942,6,,,,,,,,,,,,M,,M,,M,,,,,,
-125.77,49.08,TOFINO A,1038205,Jul-42,1942,7,,,,,,,,,,,72.1,,0,,72.1,,,,,,,
-125.77,49.08,TOFINO A,1038205,Aug-42,1942,8,,,,,,,,,,,6.9,,0,,6.9,,,,,,,
-125.77,49.08,TOFINO A,1038205,Sep-42,1942,9,,,,,,,,,,,74.2,,0,,74.2,,,,,,,
-125.77,49.08,TOFINO A,1038205,Oct-42,1942,10,,,,,,,,,,,336.6,,0,,336.6,,,,,,,
-125.77,49.08,TOFINO A,1038205,Nov-42,1942,11,,,,,,,,,,,378,,0,,378,,,,,,,
-125.77,49.08,TOFINO A,1038205,Dec-42,1942,12,,,,,,,,,,,470.4,,0,,470.4,,,,,,,
-125.77,49.08,TOFINO A,1038205,Jan-43,1943,1,,M,,M,,M,,M,,M,175.5,,4.6,,180.1,,,,,,,
-125.77,49.08,TOFINO A,1038205,Feb-43,1943,2,,M,,M,,M,,M,,M,183.1,,1.3,,184.4,,,,,,,
-125.77,49.08,TOFINO A,1038205,Mar-43,1943,3,,M,,M,,M,,M,,M,243.1,,0,,243.1,,,,,,,
-125.77,49.08,TOFINO A,1038205,Apr-43,1943,4,,M,,M,,M,,M,,M,325.4,,0,,325.4,,,,,,,
-125.77,49.08,TOFINO A,1038205,May-43,1943,5,,M,,M,,M,,M,,M,158,,0,,158,,,,,,,
-125.77,49.08,TOFINO A,1038205,Jun-43,1943,6,,M,,M,,M,,M,,M,26.7,,0,,26.7,,,,,,,
-125.77,49.08,TOFINO A,1038205,Jul-43,1943,7,17.9,,10,,14,,24.4,,6.7,,,M,,M,,M,,,,,,
-125.77,49.08,TOFINO A,1038205,Aug-43,1943,8,18.6,,10.4,,14.5,,25,,5.6,,140.5,,0,,140.5,,,,,,,
-125.77,49.08,TOFINO A,1038205,Sep-43,1943,9,18.8,,,M,,M,28.9,,,M,86.4,,0,,86.4,,,,,,,
-125.77,49.08,TOFINO A,1038205,Oct-43,1943,10,14.3,,7,,10.7,,23.3,,1.7,S,295.4,,0,,295.4,,,,,,,
-125.77,49.08,TOFINO A,1038205,Nov-43,1943,11,11.6,,4.9,,8.3,,16.1,,0.6,S,259.6,,0,,259.6,,,,,,,
-125.77,49.08,TOFINO A,1038205,Dec-43,1943,12,9.2,,2,,5.6,,11.7,,-2.2,,511.3,,0,,511.3,,,,,,,
-125.77,49.08,TOFINO A,1038205,Jan-44,1944,1,8.4,,2.7,,5.6,,11.7,,-1.7,S,648.5,,0,T,648.5,,,,,,,
-125.77,49.08,TOFINO A,1038205,Feb-44,1944,2,9.6,,1.2,,5.4,,15,,-2.8,,138.9,,0,,138.9,,,,,,,
-125.77,49.08,TOFINO A,1038205,Mar-44,1944,3,9.7,,1.2,,5.5,,15.6,,-3.3,,270.3,,0,T,270.3,,,,,,,
-125.77,49.08,TOFINO A,1038205,Apr-44,1944,4,11.8,,4.1,,8,,20,,1.1,,244.1,,0,,244.1,,,,,,,
-125.77,49.08,TOFINO A,1038205,May-44,1944,5,15.3,,5.7,,10.5,,21.1,S,,M,101.3,,0,,101.3,,,,,,,
-125.77,49.08,TOFINO A,1038205,Jun-44,1944,6,17.3,,8.5,,12.9,,32.2,,3.3,,17,,0,,17,,,,,,,
-125.77,49.08,TOFINO A,1038205,Jul-44,1944,7,18.3,,10.4,,14.4,,27.2,,6.7,S,30.7,,0,,30.7,,,,,,,
-125.77,49.08,TOFINO A,1038205,Aug-44,1944,8,18.1,,11.6,,14.9,,25.6,,7.2,,26.7,,0,,26.7,,,,,,,
-125.77,49.08,TOFINO A,1038205,Sep-44,1944,9,17.4,,10.2,,13.8,,26.1,,5.6,,165.6,,0,,165.6,,,,,,,
-125.77,49.08,TOFINO A,1038205,Oct-44,1944,10,15.4,,8.6,,12,,22.8,,3.3,,225,,0,,225,,,,,,,
-125.77,49.08,TOFINO A,1038205,Nov-44,1944,11,10.8,,5.7,,8.3,,13.3,S,0.6,S,509,,0,,509,,,,,,,
-125.77,49.08,TOFINO A,1038205,Dec-44,1944,12,8.4,,0.8,,4.6,,11.7,S,-5,,235.5,,0,T,235.5,,,,,,,
-125.77,49.08,TOFINO A,1038205,Jan-45,1945,1,8.8,,2.4,,5.6,,12.8,,-2.8,,445,,0,,445,,,,,,,
-125.77,49.08,TOFINO A,1038205,Feb-45,1945,2,8.8,,2.6,,5.7,,14.4,,-2.8,,301.5,,0,,301.5,,,,,,,
-125.77,49.08,TOFINO A,1038205,Mar-45,1945,3,8.5,,2.3,,5.4,,11.7,S,-1.7,,491.7,,0,T,491.7,,,,,,,
-125.77,49.08,TOFINO A,1038205,Apr-45,1945,4,10.2,,2.7,,6.5,,14.4,,-1.1,,207,,0,T,207,,,,,,,
-125.77,49.08,TOFINO A,1038205,May-45,1945,5,15.6,,8.4,,12,,23.9,,4.4,,123.2,,0,,123.2,,,,,,,
-125.77,49.08,TOFINO A,1038205,Jun-45,1945,6,16.8,,8.1,,12.5,,22.8,,4.4,,53.8,,0,,53.8,,,,,,,
-125.77,49.08,TOFINO A,1038205,Jul-45,1945,7,19.1,,9.1,,14.1,,28.9,,5,,99.8,,0,,99.8,,,,,,,
-125.77,49.08,TOFINO A,1038205,Aug-45,1945,8,19.4,,10.1,,14.8,,27.8,,5.6,,13.5,,0,,13.5,,,,,,,
-125.77,49.08,TOFINO A,1038205,Sep-45,1945,9,17.7,,8.5,,13.1,,26.1,,3.3,,143.5,,0,,143.5,,,,,,,
-125.77,49.08,TOFINO A,1038205,Oct-45,1945,10,14.8,,6.2,,10.5,,23.9,S,0,S,240.3,,0,,240.3,,,,,,,
-125.77,49.08,TOFINO A,1038205,Nov-45,1945,11,8.2,,2.9,,5.6,,14.4,,-2.8,,358.6,,0.5,,359.2,,,,,,,
-125.77,49.08,TOFINO A,1038205,Dec-45,1945,12,7.7,,2.4,,5.1,,11.1,,-3.9,,390.4,,0,,390.4,,,,,,,
-125.77,49.08,TOFINO A,1038205,Jan-46,1946,1,7.7,,2.3,,5,,10,S,-3.3,,665.2,,2.5,,667.8,,,,,,,
-125.77,49.08,TOFINO A,1038205,Feb-46,1946,2,,M,2.2,,,M,,M,-2.8,,511.3,,9.9,,521.2,,,,,,,
-125.77,49.08,TOFINO A,1038205,Mar-46,1946,3,8.8,,2.4,,5.6,,12.8,,-1.1,S,378.2,,7.4,,385.6,,,,,,,
-125.77,49.08,TOFINO A,1038205,Apr-46,1946,4,10,,3.8,,6.9,,15.6,,-1.1,,376.7,,0,,376.7,,,,,,,
-125.77,49.08,TOFINO A,1038205,May-46,1946,5,15.9,,6.1,,11,,24.4,,2.2,,15.7,,0,,15.7,,,,,,,
-125.77,49.08,TOFINO A,1038205,Jun-46,1946,6,15.7,,8.7,,12.2,,20.6,S,4.4,,172,,0,,172,,,,,,,
-125.77,49.08,TOFINO A,1038205,Jul-46,1946,7,18.4,,9,,13.7,,28.9,S,5,,108.5,,0,,108.5,,,,,,,
-125.77,49.08,TOFINO A,1038205,Aug-46,1946,8,19.2,,9.8,,14.5,,25.6,,6.7,,25.4,,0,,25.4,,,,,,,
-125.77,49.08,TOFINO A,1038205,Sep-46,1946,9,15.6,,9,,12.3,,21.7,,2.8,,146.3,,0,,146.3,,,,,,,
-125.77,49.08,TOFINO A,1038205,Oct-46,1946,10,,M,,M,,M,,M,,M,,M,0,,,M,,,,,,
-125.77,49.08,TOFINO A,1038205,Nov-46,1946,11,,M,,M,,M,,M,,M,,M,,M,,M,,,,,,
-125.77,49.08,TOFINO A,1038205,Dec-46,1946,12,,M,,M,,M,,M,,M,,M,,M,,M,,,,,,
-125.77,49.08,TOFINO A,1038205,Jan-47,1947,1,,,,,,,,,,,,,,,,,,,,,,
-125.77,49.08,TOFINO A,1038205,Feb-47,1947,2,,,,,,,,,,,,,,,,,,,,,,
-125.77,49.08,TOFINO A,1038205,Mar-47,1947,3,,,,,,,,,,,,,,,,,,,,,,
-125.77,49.08,TOFINO A,1038205,Apr-47,1947,4,,,,,,,,,,,,,,,,,,,,,,
-125.77,49.08,TOFINO A,1038205,May-47,1947,5,,,,,,,,,,,,,,,,,,,,,,
-125.77,49.08,TOFINO A,1038205,Jun-47,1947,6,,,,,,,,,,,,,,,,,,,,,,
-125.77,49.08,TOFINO A,1038205,Jul-47,1947,7,,,,,,,,,,,,,,,,,,,,,,
-125.77,49.08,TOFINO A,1038205,Aug-47,1947,8,,,,,,,,,,,,,,,,,,,,,,
-125.77,49.08,TOFINO A,1038205,Sep-47,1947,9,,,,,,,,,,,,,,,,,,,,,,
-125.77,49.08,TOFINO A,1038205,Oct-47,1947,10,,,,,,,,,,,,,,,,,,,,,,
-125.77,49.08,TOFINO A,1038205,Nov-47,1947,11,,,,,,,,,,,,,,,,,,,,,,
-125.77,49.08,TOFINO A,1038205,Dec-47,1947,12,,,,,,,,,,,,,,,,,,,,,,
-125.77,49.08,TOFINO A,1038205,Jan-48,1948,1,,,,,,,,,,,,,,,,,,,,,,
-125.77,49.08,TOFINO A,1038205,Feb-48,1948,2,,,,,,,,,,,,,,,,,,,,,,
-125.77,49.08,TOFINO A,1038205,Mar-48,1948,3,,,,,,,,,,,,,,,,,,,,,,
-125.77,49.08,TOFINO A,1038205,Apr-48,1948,4,,,,,,,,,,,,,,,,,,,,,,
-125.77,49.08,TOFINO A,1038205,May-48,1948,5,,,,,,,,,,,,,,,,,,,,,,
-125.77,49.08,TOFINO A,1038205,Jun-48,1948,6,,,,,,,,,,,,,,,,,,,,,,
-125.77,49.08,TOFINO A,1038205,Jul-48,1948,7,,,,,,,,,,,,,,,,,,,,,,
-125.77,49.08,TOFINO A,1038205,Aug-48,1948,8,,,,,,,,,,,,,,,,,,,,,,
-125.77,49.08,TOFINO A,1038205,Sep-48,1948,9,,,,,,,,,,,,,,,,,,,,,,
-125.77,49.08,TOFINO A,1038205,Oct-48,1948,10,,,,,,,,,,,,,,,,,,,,,,
-125.77,49.08,TOFINO A,1038205,Nov-48,1948,11,,,,,,,,,,,,,,,,,,,,,,
-125.77,49.08,TOFINO A,1038205,Dec-48,1948,12,,,,,,,,,,,,,,,,,,,,,,
-125.77,49.08,TOFINO A,1038205,Jan-49,1949,1,,,,,,,,,,,,,,,,,,,,,,
-125.77,49.08,TOFINO A,1038205,Feb-49,1949,2,,,,,,,,,,,,,,,,,,,,,,
-125.77,49.08,TOFINO A,1038205,Mar-49,1949,3,,,,,,,,,,,,,,,,,,,,,,
-125.77,49.08,TOFINO A,1038205,Apr-49,1949,4,,,,,,,,,,,,,,,,,,,,,,
-125.77,49.08,TOFINO A,1038205,May-49,1949,5,,,,,,,,,,,,,,,,,,,,,,
-125.77,49.08,TOFINO A,1038205,Jun-49,1949,6,,,,,,,,,,,,,,,,,,,,,,
-125.77,49.08,TOFINO A,1038205,Jul-49,1949,7,,,,,,,,,,,,,,,,,,,,,,
-125.77,49.08,TOFINO A,1038205,Aug-49,1949,8,,,,,,,,,,,,,,,,,,,,,,
-125.77,49.08,TOFINO A,1038205,Sep-49,1949,9,,,,,,,,,,,,,,,,,,,,,,
-125.77,49.08,TOFINO A,1038205,Oct-49,1949,10,,,,,,,,,,,,,,,,,,,,,,
-125.77,49.08,TOFINO A,1038205,Nov-49,1949,11,,,,,,,,,,,,,,,,,,,,,,
-125.77,49.08,TOFINO A,1038205,Dec-49,1949,12,,,,,,,,,,,,,,,,,,,,,,
-125.77,49.08,TOFINO A,1038205,Jan-50,1950,1,,,,,,,,,,,,,,,,,,,,,,
-125.77,49.08,TOFINO A,1038205,Feb-50,1950,2,,,,,,,,,,,,,,,,,,,,,,
-125.77,49.08,TOFINO A,1038205,Mar-50,1950,3,,,,,,,,,,,,,,,,,,,,,,
-125.77,49.08,TOFINO A,1038205,Apr-50,1950,4,,,,,,,,,,,,,,,,,,,,,,
-125.77,49.08,TOFINO A,1038205,May-50,1950,5,,,,,,,,,,,,,,,,,,,,,,
-125.77,49.08,TOFINO A,1038205,Jun-50,1950,6,,,,,,,,,,,,,,,,,,,,,,
-125.77,49.08,TOFINO A,1038205,Jul-50,1950,7,,,,,,,,,,,,,,,,,,,,,,
-125.77,49.08,TOFINO A,1038205,Aug-50,1950,8,,,,,,,,,,,,,,,,,,,,,,
-125.77,49.08,TOFINO A,1038205,Sep-50,1950,9,,,,,,,,,,,,,,,,,,,,,,
-125.77,49.08,TOFINO A,1038205,Oct-50,1950,10,,,,,,,,,,,,,,,,,,,,,,
-125.77,49.08,TOFINO A,1038205,Nov-50,1950,11,,,,,,,,,,,,,,,,,,,,,,
-125.77,49.08,TOFINO A,1038205,Dec-50,1950,12,,,,,,,,,,,,,,,,,,,,,,
-125.77,49.08,TOFINO A,1038205,Jan-51,1951,1,,,,,,,,,,,,,,,,,,,,,,
-125.77,49.08,TOFINO A,1038205,Feb-51,1951,2,,,,,,,,,,,,,,,,,,,,,,
-125.77,49.08,TOFINO A,1038205,Mar-51,1951,3,,,,,,,,,,,,,,,,,,,,,,
-125.77,49.08,TOFINO A,1038205,Apr-51,1951,4,,,,,,,,,,,,,,,,,,,,,,
-125.77,49.08,TOFINO A,1038205,May-51,1951,5,,,,,,,,,,,,,,,,,,,,,,
-125.77,49.08,TOFINO A,1038205,Jun-51,1951,6,,,,,,,,,,,,,,,,,,,,,,
-125.77,49.08,TOFINO A,1038205,Jul-51,1951,7,,,,,,,,,,,,,,,,,,,,,,
-125.77,49.08,TOFINO A,1038205,Aug-51,1951,8,,,,,,,,,,,,,,,,,,,,,,
-125.77,49.08,TOFINO A,1038205,Sep-51,1951,9,,,,,,,,,,,,,,,,,,,,,,
-125.77,49.08,TOFINO A,1038205,Oct-51,1951,10,,,,,,,,,,,,,,,,,,,,,,
-125.77,49.08,TOFINO A,1038205,Nov-51,1951,11,,,,,,,,,,,,,,,,,,,,,,
-125.77,49.08,TOFINO A,1038205,Dec-51,1951,12,,,,,,,,,,,,,,,,,,,,,,
-125.77,49.08,TOFINO A,1038205,Jan-52,1952,1,,,,,,,,,,,,,,,,,,,,,,
-125.77,49.08,TOFINO A,1038205,Feb-52,1952,2,,,,,,,,,,,,,,,,,,,,,,
-125.77,49.08,TOFINO A,1038205,Mar-52,1952,3,,,,,,,,,,,,,,,,,,,,,,
-125.77,49.08,TOFINO A,1038205,Apr-52,1952,4,,,,,,,,,,,,,,,,,,,,,,
-125.77,49.08,TOFINO A,1038205,May-52,1952,5,,,,,,,,,,,,,,,,,,,,,,
-125.77,49.08,TOFINO A,1038205,Jun-52,1952,6,,,,,,,,,,,,,,,,,,,,,,
-125.77,49.08,TOFINO A,1038205,Jul-52,1952,7,,,,,,,,,,,,,,,,,,,,,,
-125.77,49.08,TOFINO A,1038205,Aug-52,1952,8,,,,,,,,,,,,,,,,,,,,,,
-125.77,49.08,TOFINO A,1038205,Sep-52,1952,9,,,,,,,,,,,,,,,,,,,,,,
-125.77,49.08,TOFINO A,1038205,Oct-52,1952,10,,,,,,,,,,,,,,,,,,,,,,
-125.77,49.08,TOFINO A,1038205,Nov-52,1952,11,,,,,,,,,,,,,,,,,,,,,,
-125.77,49.08,TOFINO A,1038205,Dec-52,1952,12,,,,,,,,,,,,,,,,,,,,,,
-125.77,49.08,TOFINO A,1038205,Jan-53,1953,1,,,,,,,,,,,,,,,,,,,,,,
-125.77,49.08,TOFINO A,1038205,Feb-53,1953,2,,,,,,,,,,,,,,,,,,,,,,
-125.77,49.08,TOFINO A,1038205,Mar-53,1953,3,,,,,,,,,,,,,,,,,,,,,,
-125.77,49.08,TOFINO A,1038205,Apr-53,1953,4,,,,,,,,,,,,,,,,,,,,,,
-125.77,49.08,TOFINO A,1038205,May-53,1953,5,,,,,,,,,,,,,,,,,,,,,,
-125.77,49.08,TOFINO A,1038205,Jun-53,1953,6,,,,,,,,,,,,,,,,,,,,,,
-125.77,49.08,TOFINO A,1038205,Jul-53,1953,7,,,,,,,,,,,,,,,,,,,,,,
-125.77,49.08,TOFINO A,1038205,Aug-53,1953,8,,,,,,,,,,,,,,,,,,,,,,
-125.77,49.08,TOFINO A,1038205,Sep-53,1953,9,,,,,,,,,,,,,,,,,,,,,,
-125.77,49.08,TOFINO A,1038205,Oct-53,1953,10,,,,,,,,,,,,,,,,,,,,,,
-125.77,49.08,TOFINO A,1038205,Nov-53,1953,11,,,,,,,,,,,,,,,,,,,,,,
-125.77,49.08,TOFINO A,1038205,Dec-53,1953,12,,,,,,,,,,,,,,,,,,,,,,
-125.77,49.08,TOFINO A,1038205,Jan-54,1954,1,,,,,,,,,,,,,,,,,,,,,,
-125.77,49.08,TOFINO A,1038205,Feb-54,1954,2,,,,,,,,,,,,,,,,,,,,,,
-125.77,49.08,TOFINO A,1038205,Mar-54,1954,3,,,,,,,,,,,,,,,,,,,,,,
-125.77,49.08,TOFINO A,1038205,Apr-54,1954,4,,,,,,,,,,,,,,,,,,,,,,
-125.77,49.08,TOFINO A,1038205,May-54,1954,5,,,,,,,,,,,,,,,,,,,,,,
-125.77,49.08,TOFINO A,1038205,Jun-54,1954,6,,,,,,,,,,,,,,,,,,,,,,
-125.77,49.08,TOFINO A,1038205,Jul-54,1954,7,,,,,,,,,,,,,,,,,,,,,,
-125.77,49.08,TOFINO A,1038205,Aug-54,1954,8,,,,,,,,,,,,,,,,,,,,,,
-125.77,49.08,TOFINO A,1038205,Sep-54,1954,9,,,,,,,,,,,,,,,,,,,,,,
-125.77,49.08,TOFINO A,1038205,Oct-54,1954,10,,,,,,,,,,,,,,,,,,,,,,
-125.77,49.08,TOFINO A,1038205,Nov-54,1954,11,,,,,,,,,,,,,,,,,,,,,,
-125.77,49.08,TOFINO A,1038205,Dec-54,1954,12,,,,,,,,,,,,,,,,,,,,,,
-125.77,49.08,TOFINO A,1038205,Jan-55,1955,1,,,,,,,,,,,,,,,,,,,,,,
-125.77,49.08,TOFINO A,1038205,Feb-55,1955,2,,,,,,,,,,,,,,,,,,,,,,
-125.77,49.08,TOFINO A,1038205,Mar-55,1955,3,,,,,,,,,,,,,,,,,,,,,,
-125.77,49.08,TOFINO A,1038205,Apr-55,1955,4,,,,,,,,,,,,,,,,,,,,,,
-125.77,49.08,TOFINO A,1038205,May-55,1955,5,,,,,,,,,,,,,,,,,,,,,,
-125.77,49.08,TOFINO A,1038205,Jun-55,1955,6,,,,,,,,,,,,,,,,,,,,,,
-125.77,49.08,TOFINO A,1038205,Jul-55,1955,7,,,,,,,,,,,,,,,,,,,,,,
-125.77,49.08,TOFINO A,1038205,Aug-55,1955,8,,,,,,,,,,,,,,,,,,,,,,
-125.77,49.08,TOFINO A,1038205,Sep-55,1955,9,,,,,,,,,,,,,,,,,,,,,,
-125.77,49.08,TOFINO A,1038205,Oct-55,1955,10,,,,,,,,,,,,,,,,,,,,,,
-125.77,49.08,TOFINO A,1038205,Nov-55,1955,11,,,,,,,,,,,,,,,,,,,,,,
-125.77,49.08,TOFINO A,1038205,Dec-55,1955,12,,,,,,,,,,,,,,,,,,,,,,
-125.77,49.08,TOFINO A,1038205,Jan-56,1956,1,,,,,,,,,,,,,,,,,,,,,,
-125.77,49.08,TOFINO A,1038205,Feb-56,1956,2,,,,,,,,,,,,,,,,,,,,,,
-125.77,49.08,TOFINO A,1038205,Mar-56,1956,3,,,,,,,,,,,,,,,,,,,,,,
-125.77,49.08,TOFINO A,1038205,Apr-56,1956,4,,,,,,,,,,,,,,,,,,,,,,
-125.77,49.08,TOFINO A,1038205,May-56,1956,5,,,,,,,,,,,,,,,,,,,,,,
-125.77,49.08,TOFINO A,1038205,Jun-56,1956,6,,,,,,,,,,,,,,,,,,,,,,
-125.77,49.08,TOFINO A,1038205,Jul-56,1956,7,,,,,,,,,,,,,,,,,,,,,,
-125.77,49.08,TOFINO A,1038205,Aug-56,1956,8,,,,,,,,,,,,,,,,,,,,,,
-125.77,49.08,TOFINO A,1038205,Sep-56,1956,9,,,,,,,,,,,,,,,,,,,,,,
-125.77,49.08,TOFINO A,1038205,Oct-56,1956,10,,,,,,,,,,,,,,,,,,,,,,
-125.77,49.08,TOFINO A,1038205,Nov-56,1956,11,,,,,,,,,,,,,,,,,,,,,,
-125.77,49.08,TOFINO A,1038205,Dec-56,1956,12,,,,,,,,,,,,,,,,,,,,,,
-125.77,49.08,TOFINO A,1038205,Jan-57,1957,1,,,,,,,,,,,,,,,,,,,,,,
-125.77,49.08,TOFINO A,1038205,Feb-57,1957,2,,,,,,,,,,,,,,,,,,,,,,
-125.77,49.08,TOFINO A,1038205,Mar-57,1957,3,,,,,,,,,,,,,,,,,,,,,,
-125.77,49.08,TOFINO A,1038205,Apr-57,1957,4,,,,,,,,,,,,,,,,,,,,,,
-125.77,49.08,TOFINO A,1038205,May-57,1957,5,,,,,,,,,,,,,,,,,,,,,,
-125.77,49.08,TOFINO A,1038205,Jun-57,1957,6,,,,,,,,,,,,,,,,,,,,,,
-125.77,49.08,TOFINO A,1038205,Jul-57,1957,7,,,,,,,,,,,,,,,,,,,,,,
-125.77,49.08,TOFINO A,1038205,Aug-57,1957,8,,,,,,,,,,,,,,,,,,,,,,
-125.77,49.08,TOFINO A,1038205,Sep-57,1957,9,,,,,,,,,,,,,,,,,,,,,,
-125.77,49.08,TOFINO A,1038205,Oct-57,1957,10,,,,,,,,,,,,,,,,,,,,,,
-125.77,49.08,TOFINO A,1038205,Nov-57,1957,11,,,,,,,,,,,,,,,,,,,,,,
-125.77,49.08,TOFINO A,1038205,Dec-57,1957,12,,,,,,,,,,,,,,,,,,,,,,
-125.77,49.08,TOFINO A,1038205,Jan-58,1958,1,,M,,M,,M,,M,,M,,M,,M,,M,,M,,,,
-125.77,49.08,TOFINO A,1038205,Feb-58,1958,2,,M,,M,,M,,M,,M,,M,,M,,M,,M,,,,
-125.77,49.08,TOFINO A,1038205,Mar-58,1958,3,,M,,M,,M,,M,,M,,M,,M,,M,,M,,,,
-125.77,49.08,TOFINO A,1038205,Apr-58,1958,4,,M,,M,,M,,M,,M,,M,,M,,M,,M,,,,
-125.77,49.08,TOFINO A,1038205,May-58,1958,5,,M,,M,,M,,M,,M,,M,,M,,M,,M,,,,
-125.77,49.08,TOFINO A,1038205,Jun-58,1958,6,,M,,M,,M,,M,,M,,M,,M,,M,,M,,,,
-125.77,49.08,TOFINO A,1038205,Jul-58,1958,7,,M,,M,,M,,M,,M,,M,,M,,M,,M,,,,
-125.77,49.08,TOFINO A,1038205,Aug-58,1958,8,,M,,M,,M,,M,,M,,M,,M,,M,,M,,,,
-125.77,49.08,TOFINO A,1038205,Sep-58,1958,9,,M,,M,,M,,M,,M,,M,,M,,M,,M,,,,
-125.77,49.08,TOFINO A,1038205,Oct-58,1958,10,,M,,M,,M,,M,,M,,M,,M,,M,,M,,,,
-125.77,49.08,TOFINO A,1038205,Nov-58,1958,11,,M,,M,,M,,M,,M,,M,,M,,M,,M,,,,
-125.77,49.08,TOFINO A,1038205,Dec-58,1958,12,9.4,,4.8,,7.1,,13.3,,-0.6,,587.8,,0,T,587.8,,0,,,,,
-125.77,49.08,TOFINO A,1038205,Jan-59,1959,1,7.1,,2.3,,4.7,,10,,-5,,353.8,,13.2,,367,,0,,,,<31,
-125.77,49.08,TOFINO A,1038205,Feb-59,1959,2,7.8,,2.2,,5,,13.9,,-3.9,,401.6,,6.9,,408.4,,0,,,,<31,
-125.77,49.08,TOFINO A,1038205,Mar-59,1959,3,8.2,,2.6,,5.4,,11.1,S,-1.1,,519.2,,2.5,,521.7,,0,,,,<31,
-125.77,49.08,TOFINO A,1038205,Apr-59,1959,4,11.6,,4.1,,7.9,,18.9,,0.6,S,280.7,,0,,280.7,,0,,,,<31,
-125.77,49.08,TOFINO A,1038205,May-59,1959,5,14.2,,6.4,,10.3,,23.3,S,2.8,S,56.9,,0,,56.9,,0,,,,<31,
-125.77,49.08,TOFINO A,1038205,Jun-59,1959,6,16.3,,9.7,,13,,22.8,,6.7,,130,,0,,130,,0,,16,,55,
-125.77,49.08,TOFINO A,1038205,Jul-59,1959,7,19.9,,10.3,,15.1,,29.4,,7.8,S,82.8,,0,,82.8,,0,,27,,58,
-125.77,49.08,TOFINO A,1038205,Aug-59,1959,8,17.4,,10.9,,14.2,,21.1,,8.3,,88.6,,0,,88.6,,0,,27,,32,S
-125.77,49.08,TOFINO A,1038205,Sep-59,1959,9,15.7,,9.6,,12.7,,19.4,,4.4,,179.3,,0,,179.3,,0,,11,,55,S
-125.77,49.08,TOFINO A,1038205,Oct-59,1959,10,12.8,,7.3,,10.1,,15,S,1.1,,208,,0,,208,,0,,29,,48,
-125.77,49.08,TOFINO A,1038205,Nov-59,1959,11,9.4,,4.1,,6.8,,15.6,,-2.8,S,332.2,,0,T,332.2,,0,,14,,72,
-125.77,49.08,TOFINO A,1038205,Dec-59,1959,12,8.3,,2.4,,5.4,,12.2,,-3.3,,466.9,,0,T,466.9,,0,,18,,80,
-125.77,49.08,TOFINO A,1038205,Jan-60,1960,1,6.6,,1.7,,4.2,,14.4,,-3.9,,421.6,,0,T,421.6,,0,,16,,68,
-125.77,49.08,TOFINO A,1038205,Feb-60,1960,2,8.4,,2,,5.2,,11.1,,-3.9,S,322.1,,0,,322.1,,0,,9,,74,
-125.77,49.08,TOFINO A,1038205,Mar-60,1960,3,8.3,,2.4,,5.4,,12.2,S,-2.2,,240.3,,1.8,,242.1,,0,,25,,105,
-125.77,49.08,TOFINO A,1038205,Apr-60,1960,4,10.8,,4.9,,7.9,,20.6,,0.6,,342.4,,0,,342.4,,0,,18,,89,
-125.77,49.08,TOFINO A,1038205,May-60,1960,5,12.6,,7.1,,9.9,,17.8,,3.3,,218.9,,0,,218.9,,0,,27,,56,
-125.77,49.08,TOFINO A,1038205,Jun-60,1960,6,15.4,,8.9,,12.2,,19.4,,5.6,,65.8,,0,,65.8,,0,,29,,40,
-125.77,49.08,TOFINO A,1038205,Jul-60,1960,7,19.1,,9.7,,14.4,,27.2,,5,,21.1,,0,,21.1,,0,,,,<31,
-125.77,49.08,TOFINO A,1038205,Aug-60,1960,8,17.4,,11.1,,14.3,,28.9,,6.1,,121.4,,0,,121.4,,0,,14,,48,
-125.77,49.08,TOFINO A,1038205,Sep-60,1960,9,17.2,,8.6,,12.9,,23.3,,5,,139.2,,0,,139.2,,0,,14,,56,
-125.77,49.08,TOFINO A,1038205,Oct-60,1960,10,13.3,,8.2,,10.8,,17.2,,3.3,,499.6,,0,,499.6,,0,,16,,74,
-125.77,49.08,TOFINO A,1038205,Nov-60,1960,11,9.6,,3.6,,6.6,,13.3,,0,,414,,0,T,414,,0,,14,,72,
-125.77,49.08,TOFINO A,1038205,Dec-60,1960,12,8.7,,2.8,,5.8,,11.1,S,-1.7,S,241.8,,0,,241.8,,0,,14,,69,
-125.77,49.08,TOFINO A,1038205,Jan-61,1961,1,9.8,,3.4,,6.6,,14.4,S,-1.7,,528.8,,0,,528.8,,0,,14,,89,
-125.77,49.08,TOFINO A,1038205,Feb-61,1961,2,8.7,,3.6,,6.2,,12.2,,0,S,848.4,,1,,849.4,,0,,14,,85,
-125.77,49.08,TOFINO A,1038205,Mar-61,1961,3,9.2,,3.9,,6.6,,14.4,S,-1.7,S,394.2,,6.9,,401.1,,0,,11,,108,
-125.77,49.08,TOFINO A,1038205,Apr-61,1961,4,10.9,,4.6,,7.8,,15.6,,0.6,,237.7,,0,T,237.7,,0,,29,,69,
-125.77,49.08,TOFINO A,1038205,May-61,1961,5,14.2,,7.4,,10.8,,22.2,,3.3,,140.7,,0,,140.7,,0,,14,,37,
-125.77,49.08,TOFINO A,1038205,Jun-61,1961,6,17.8,,9.8,,13.8,,27.8,,7.2,S,123.4,,0,,123.4,,0,,14,,64,
-125.77,49.08,TOFINO A,1038205,Jul-61,1961,7,19.7,,12.6,,16.2,,32.8,,9.4,S,35.1,,0,,35.1,,0,,16,,40,
-125.77,49.08,TOFINO A,1038205,Aug-61,1961,8,20.3,,11.7,,16,,30,,8.9,,85.9,,0,,85.9,,0,,29,,43,
-125.77,49.08,TOFINO A,1038205,Sep-61,1961,9,16.4,,8.4,,12.4,,24.4,,2.8,,121.7,,0,,121.7,,0,,14,,61,S
-125.77,49.08,TOFINO A,1038205,Oct-61,1961,10,12.2,,5.5,,8.9,,17.8,,0,,419.1,,0,,419.1,,0,,14,,72,
-125.77,49.08,TOFINO A,1038205,Nov-61,1961,11,8.5,,2.2,,5.4,,12.2,,-1.1,S,306.3,,0,T,306.3,,0,,25,,101,
-125.77,49.08,TOFINO A,1038205,Dec-61,1961,12,6.7,,1.9,,4.3,,11.1,,-2.2,,407.4,,5.1,,412.5,,0,,,,<31,
-125.77,49.08,TOFINO A,1038205,Jan-62,1962,1,7.1,,1.9,,4.5,,10.6,,-6.7,,451.1,,1.8,,452.9,,0,,11,,64,
-125.77,49.08,TOFINO A,1038205,Feb-62,1962,2,9.1,,2.8,,6,,12.2,,-4.4,,127.3,,15.7,,143,,10,,14,,68,
-125.77,49.08,TOFINO A,1038205,Mar-62,1962,3,8.2,,0.9,,4.6,,13.9,,-3.3,S,174.2,,24.6,,198.9,,0,,16,,89,
-125.77,49.08,TOFINO A,1038205,Apr-62,1962,4,10.4,,4.9,,7.7,,15.6,,1.1,,418.1,,0,,418.1,,0,,29,,87,
-125.77,49.08,TOFINO A,1038205,May-62,1962,5,13,,6.1,,9.6,,16.1,S,1.1,,74.9,,0,,74.9,,0,,29,,58,
-125.77,49.08,TOFINO A,1038205,Jun-62,1962,6,15.8,,7.9,,11.9,,21.7,,3.9,,102.6,,0,,102.6,,0,,14,,80,S
-125.77,49.08,TOFINO A,1038205,Jul-62,1962,7,17.8,,9.8,,13.8,,25,S,6.1,,23.9,,0,,23.9,,0,,29,,64,
-125.77,49.08,TOFINO A,1038205,Aug-62,1962,8,16.9,,11.3,,14.1,,21.1,,7.8,,259.3,,0,,259.3,,0,,27,,51,
-125.77,49.08,TOFINO A,1038205,Sep-62,1962,9,17.4,,9.3,,13.4,,25.6,,5.6,,117.9,,0,,117.9,,0,,14,,113,
-125.77,49.08,TOFINO A,1038205,Oct-62,1962,10,14,,8.3,,11.2,,18.9,,3.9,S,485.6,,0,,485.6,,0,,16,,113,
-125.77,49.08,TOFINO A,1038205,Nov-62,1962,11,10.9,,5.2,,8.1,,17.8,,-0.6,,721.1,,1.3,,722.4,,0,,16,,117,
-125.77,49.08,TOFINO A,1038205,Dec-62,1962,12,9.3,,3.8,,6.6,,14.4,,-2.2,,670.8,,1.3,,672.1,,0,,14,,101,
-125.77,49.08,TOFINO A,1038205,Jan-63,1963,1,6.3,,0.1,,3.2,,10.6,,-5.6,,102.9,,0,T,102.9,,0,,16,,69,
-125.77,49.08,TOFINO A,1038205,Feb-63,1963,2,11.6,,5.1,,8.4,,18.9,,-3.3,,340.4,,0,,340.4,,0,,14,,89,
-125.77,49.08,TOFINO A,1038205,Mar-63,1963,3,9.3,,1.6,,5.5,,12.8,S,-1.7,S,272.5,,0,T,272.5,,0,,14,,101,
-125.77,49.08,TOFINO A,1038205,Apr-63,1963,4,11.6,,4.6,,8.1,,15,,0,,167.6,,0,,167.6,,0,,14,,80,
-125.77,49.08,TOFINO A,1038205,May-63,1963,5,15.3,,6.1,,10.7,,25,,1.7,S,80,,0,,80,,0,,14,,90,
-125.77,49.08,TOFINO A,1038205,Jun-63,1963,6,16.7,,8.7,,12.7,,25,S,5,,63,,0,,63,,0,,27,,61,S
-125.77,49.08,TOFINO A,1038205,Jul-63,1963,7,17.8,,11,,14.4,,21.7,,7.8,S,127.8,,0,,127.8,,0,,11,,72,
-125.77,49.08,TOFINO A,1038205,Aug-63,1963,8,18.7,,12.1,,15.4,,25,,9.4,S,17.5,,0,,17.5,,0,,27,,42,
-125.77,49.08,TOFINO A,1038205,Sep-63,1963,9,19.1,,11.8,,15.5,,29.4,,7.8,S,115.1,,0,,115.1,,0,,14,,68,
-125.77,49.08,TOFINO A,1038205,Oct-63,1963,10,14.6,,8.1,,11.4,,19.4,,2.8,,555.2,,0,,555.2,,0,,16,,105,
-125.77,49.08,TOFINO A,1038205,Nov-63,1963,11,9.7,,3.4,,6.6,,13.3,,-1.7,,535.9,,1.3,,537.2,,0,,14,,105,
-125.77,49.08,TOFINO A,1038205,Dec-63,1963,12,9.3,,4,,6.7,,13.3,S,-1.7,,444,,0,,444,,0,,11,,97,
-125.77,49.08,TOFINO A,1038205,Jan-64,1964,1,7.6,,2.3,,5,,11.1,,-1.7,,554,,1.8,,555.8,,0,,27,,129,
-125.77,49.08,TOFINO A,1038205,Feb-64,1964,2,8.5,,1.1,,4.8,,13.9,,-2.2,,341.1,,0,T,341.1,,0,,27,,74,
-125.77,49.08,TOFINO A,1038205,Mar-64,1964,3,8.3,,1.8,,5.1,,12.8,,-1.7,,368.3,,4.3,,372.6,,0,,29,,93,
-125.77,49.08,TOFINO A,1038205,Apr-64,1964,4,10.2,,2.9,,6.6,,16.7,,-1.1,,274.6,,0,T,274.6,,0,,29,,69,
-125.77,49.08,TOFINO A,1038205,May-64,1964,5,12.6,,5.1,,8.9,,19.4,,1.7,S,132.1,,0,T,132.1,,0,,32,,87,
-125.77,49.08,TOFINO A,1038205,Jun-64,1964,6,15.1,,9.5,,12.3,,22.2,,6.1,,120.1,,0,,120.1,,0,,14,,56,
-125.77,49.08,TOFINO A,1038205,Jul-64,1964,7,16.4,,10.8,,13.6,,24.4,,8.9,S,314.2,,0,,314.2,,0,,11,,64,
-125.77,49.08,TOFINO A,1038205,Aug-64,1964,8,17.8,,10.7,,14.3,,25,,6.7,,116.3,,0,,116.3,,0,,29,,74,
-125.77,49.08,TOFINO A,1038205,Sep-64,1964,9,16,,8.6,,12.3,,21.1,S,5.6,S,259.1,,0,,259.1,,0,,16,,60,
-125.77,49.08,TOFINO A,1038205,Oct-64,1964,10,14.1,,5.9,,10,,20.6,,0.6,,272.3,,0,,272.3,,0,,14,,77,
-125.77,49.08,TOFINO A,1038205,Nov-64,1964,11,8.2,,1.6,,4.9,,11.7,,-2.8,,352.8,,3.3,,355.6,,0,,11,,72,
-125.77,49.08,TOFINO A,1038205,Dec-64,1964,12,5.3,,0.1,,2.7,,13.9,,-8.3,,206.5,,57.9,,260.1,,28,,14,,77,S
-125.77,49.08,TOFINO A,1038205,Jan-65,1965,1,6.6,,1,,3.8,,12.8,S,-3.9,,313.9,,46.5,,362.7,,0,,20,,97,
-125.77,49.08,TOFINO A,1038205,Feb-65,1965,2,7.3,,2.3,,4.8,,10.6,,-1.7,,406.7,,0,T,406.7,,0,,29,,68,
-125.77,49.08,TOFINO A,1038205,Mar-65,1965,3,11.1,,1,,6.1,,18.3,,-2.2,S,64.8,,0,T,64.8,,0,,29,,55,
-125.77,49.08,TOFINO A,1038205,Apr-65,1965,4,10.8,,4.1,,7.5,,17.2,,-0.6,S,167.1,,0,T,167.1,,0,,18,,77,
-125.77,49.08,TOFINO A,1038205,May-65,1965,5,12.7,,4.7,,8.7,,16.7,,0,S,103.1,,0,,103.1,,0,,29,,64,
-125.77,49.08,TOFINO A,1038205,Jun-65,1965,6,16.5,,7,,11.8,,25,,3.9,,28.2,,0,,28.2,,0,,29,,68,
-125.77,49.08,TOFINO A,1038205,Jul-65,1965,7,18.8,,10.1,,14.5,,29.4,,7.2,,15.5,,0,,15.5,,0,,29,,66,
-125.77,49.08,TOFINO A,1038205,Aug-65,1965,8,18.1,,11.1,,14.6,,25.6,,6.1,,90.2,,0,,90.2,,0,,29,,61,
-125.77,49.08,TOFINO A,1038205,Sep-65,1965,9,16.4,,8.3,,12.4,,22.8,,4.4,,38.9,,0,,38.9,,0,,27,,48,
-125.77,49.08,TOFINO A,1038205,Oct-65,1965,10,13.8,,7.7,,10.8,,18.3,,-0.6,,568.7,,0,,568.7,,0,,14,S,89,
-125.77,49.08,TOFINO A,1038205,Nov-65,1965,11,11.1,,5.6,,8.4,,16.1,,-0.6,S,513.8,,0,,513.8,,0,,14,,82,
-125.77,49.08,TOFINO A,1038205,Dec-65,1965,12,6.9,,1.4,,4.2,,12.2,,-4.4,,362.7,,63.5,,426.2,,25,,14,,89,
-125.77,49.08,TOFINO A,1038205,Jan-66,1966,1,7.3,,2.1,,4.7,,10.6,,-2.8,,604,,51.3,,650.2,,0,,14,,97,
-125.77,49.08,TOFINO A,1038205,Feb-66,1966,2,8.6,,2.4,,5.5,,16.7,,-2.2,,248.2,,1,,249.2,,0,T,14,,84,
-125.77,49.08,TOFINO A,1038205,Mar-66,1966,3,8.7,,2.3,,5.5,,14.4,,-2.8,,391.2,,13.7,,406.9,,0,,14,,101,
-125.77,49.08,TOFINO A,1038205,Apr-66,1966,4,11.6,,3.2,,7.4,,16.7,,-0.6,S,73.9,,5.3,,80,,0,,29,,68,
-125.77,49.08,TOFINO A,1038205,May-66,1966,5,13.2,,5.5,,9.4,,21.1,,1.7,S,80.8,,0,,80.8,,0,,29,,84,
-125.77,49.08,TOFINO A,1038205,Jun-66,1966,6,14.8,,8.3,,11.6,,21.7,,5,S,118.9,,0,,118.9,,0,,14,,45,
-125.77,49.08,TOFINO A,1038205,Jul-66,1966,7,17.3,,10.9,,14.1,,20,,7.2,S,45.2,,0,,45.2,,0,,29,,50,
-125.77,49.08,TOFINO A,1038205,Aug-66,1966,8,18.3,,10.4,,14.4,,26.1,,7.8,S,117.1,,0,,117.1,,0,,14,,68,
-125.77,49.08,TOFINO A,1038205,Sep-66,1966,9,17.1,,10.3,,13.7,,23.9,,5,,200.4,,0,,200.4,,0,,14,,77,
-125.77,49.08,TOFINO A,1038205,Oct-66,1966,10,12.6,,5.8,,9.2,,19.4,,1.1,,386.6,,0,,386.6,,0,,32,,72,
-125.77,49.08,TOFINO A,1038205,Nov-66,1966,11,10.4,,3.6,,7,,14.4,,-2.8,,358.6,,0,,358.6,,0,,27,,113,
-125.77,49.08,TOFINO A,1038205,Dec-66,1966,12,9,,3.9,,6.5,,13.3,,-2.8,,683.3,,5.3,,688.6,,0,,14,,97,
-125.77,49.08,TOFINO A,1038205,Jan-67,1967,1,7.5,,2,,4.8,,10.6,S,-2.8,,576.3,,4.6,,580.9,,0,,18,,72,S
-125.77,49.08,TOFINO A,1038205,Feb-67,1967,2,8.1,,2.2,,5.2,,10,S,-1.7,,465.3,,2,,467.6,,0,,14,,80,
-125.77,49.08,TOFINO A,1038205,Mar-67,1967,3,8.1,,0.9,,4.5,,13.9,,-2.8,,330.7,,9.4,,340.1,,0,,14,,82,
-125.77,49.08,TOFINO A,1038205,Apr-67,1967,4,10.1,,1.9,,6,,12.8,S,-1.1,,104.4,,10.4,,114.8,,0,,20,,55,
-125.77,49.08,TOFINO A,1038205,May-67,1967,5,13.3,,6.8,,10.1,,17.8,,1.1,,97.8,,0,,97.8,,0,,29,,61,
-125.77,49.08,TOFINO A,1038205,Jun-67,1967,6,18.2,,10.3,,14.3,,26.7,,7.2,,10.9,,0,,10.9,,0,,14,,53,
-125.77,49.08,TOFINO A,1038205,Jul-67,1967,7,18.7,,10.6,,14.7,,27.2,,6.7,,67.6,,0,,67.6,,0,,29,,48,
-125.77,49.08,TOFINO A,1038205,Aug-67,1967,8,20.6,,11.5,,16.1,,26.7,,7.2,,16.3,,0,,16.3,,0,,29,,69,
-125.77,49.08,TOFINO A,1038205,Sep-67,1967,9,18.5,,10.8,,14.7,,23.9,,5,,185.2,,0,,185.2,,0,,14,,77,
-125.77,49.08,TOFINO A,1038205,Oct-67,1967,10,13.6,,7.8,,10.7,,16.7,S,2.8,,847.9,,0,,847.9,,0,,14,,80,
-125.77,49.08,TOFINO A,1038205,Nov-67,1967,11,10.9,,3.9,,7.4,,15.6,,-1.1,,260.4,,0,,260.4,,0,,29,,60,
-125.77,49.08,TOFINO A,1038205,Dec-67,1967,12,7.2,,2.1,,4.7,,11.1,S,-3.9,,508.8,,2.3,,511,,0,,14,,119,
-125.77,49.08,TOFINO A,1038205,Jan-68,1968,1,7.1,,1.4,,4.3,,12.2,,-5,,569.7,,37.8,,608.3,,3,,14,,87,
-125.77,49.08,TOFINO A,1038205,Feb-68,1968,2,10.7,,1.8,,6.3,,18.9,,-3.3,,236,,0,,236,,0,,20,,71,
-125.77,49.08,TOFINO A,1038205,Mar-68,1968,3,10.1,,4.2,,7.2,,17.8,,-1.1,,417.8,,0,,417.8,,0,,14,,77,
-125.77,49.08,TOFINO A,1038205,Apr-68,1968,4,10.3,,2.9,,6.6,,16.7,,-1.7,S,229.9,,0,T,229.9,,0,,29,,80,
-125.77,49.08,TOFINO A,1038205,May-68,1968,5,15,,6.4,,10.7,,22.8,,2.8,S,101.3,,0,,101.3,,0,,29,,74,
-125.77,49.08,TOFINO A,1038205,Jun-68,1968,6,16.1,,8.5,,12.3,,20.6,,5,,153.4,,0,,153.4,,0,,27,,64,
-125.77,49.08,TOFINO A,1038205,Jul-68,1968,7,19.9,,10.4,,15.2,,28.9,,7.2,,72.9,,0,,72.9,,0,,14,,80,
-125.77,49.08,TOFINO A,1038205,Aug-68,1968,8,17.4,,10.9,,14.2,,23.9,S,7.8,,164.6,,0,,164.6,,0,,29,,61,
-125.77,49.08,TOFINO A,1038205,Sep-68,1968,9,16.9,,9.2,,13.1,,24.4,,3.3,,258.3,,0,,258.3,,0,,27,,66,
-125.77,49.08,TOFINO A,1038205,Oct-68,1968,10,12.6,,5.9,,9.3,,18.3,S,1.7,S,724.4,,0,,724.4,,0,,14,,97,
-125.77,49.08,TOFINO A,1038205,Nov-68,1968,11,10.6,,4.1,,7.4,,14.4,,-0.6,S,459.7,,0,,459.7,,0,,16,,108,
-125.77,49.08,TOFINO A,1038205,Dec-68,1968,12,5.4,,-1.2,,2.1,,10.6,S,-12.2,,360.9,,23.1,,385.6,,10,,14,,130,
-125.77,49.08,TOFINO A,1038205,Jan-69,1969,1,2.7,,-3.5,,-0.4,,9.4,,-15,,174.5,,132.6,,301.8,,46,,18,,90,
-125.77,49.08,TOFINO A,1038205,Feb-69,1969,2,7.4,,0,,3.7,,13.9,,-6.7,,218.7,,28.2,,273.3,,0,,14,,111,
-125.77,49.08,TOFINO A,1038205,Mar-69,1969,3,9.8,,1.5,,5.7,,16.7,,-3.9,,452.4,,0,,452.4,,0,,14,,79,
-125.77,49.08,TOFINO A,1038205,Apr-69,1969,4,9.9,,4.3,,7.1,,14.4,,1.1,S,409.2,,0,T,409.2,,0,,14,,95,
-125.77,49.08,TOFINO A,1038205,May-69,1969,5,15.9,,6.6,,11.3,,25.6,,0,,135.4,,0,,135.4,,0,,14,,71,
-125.77,49.08,TOFINO A,1038205,Jun-69,1969,6,18.3,,10.7,,14.5,,28.9,,6.1,,27.4,,0,,27.4,,0,,29,,63,
-125.77,49.08,TOFINO A,1038205,Jul-69,1969,7,18.4,,9.3,,13.9,,23.3,,6.7,S,45.7,,0,,45.7,,0,,27,,63,
-125.77,49.08,TOFINO A,1038205,Aug-69,1969,8,17.3,,9.5,,13.4,,22.8,,5.6,,137.9,,0,,137.9,,0,,14,,64,
-125.77,49.08,TOFINO A,1038205,Sep-69,1969,9,16.3,,9.1,,12.7,,24.4,,3.9,,248.2,,0,,248.2,,0,,29,,72,
-125.77,49.08,TOFINO A,1038205,Oct-69,1969,10,14,,5.5,,9.8,,20.6,,1.7,S,289.8,,0,,289.8,,0,,14,,72,
-125.77,49.08,TOFINO A,1038205,Nov-69,1969,11,10.6,,4.4,,7.5,,15,,-1.7,,541.3,,0,,541.3,,0,,14,,98,
-125.77,49.08,TOFINO A,1038205,Dec-69,1969,12,9.4,,3.8,,6.6,,15.6,,-1.1,S,356.4,,0,T,356.4,,0,,14,,114,
-125.77,49.08,TOFINO A,1038205,Jan-70,1970,1,7.3,,1.7,,4.5,,11.1,S,-3.3,,235.2,,7.6,,244.1,,0,,16,,64,
-125.77,49.08,TOFINO A,1038205,Feb-70,1970,2,11.1,,2.3,,6.7,,15,S,-0.6,S,136.7,,0,,136.7,,0,,27,,76,
-125.77,49.08,TOFINO A,1038205,Mar-70,1970,3,11.5,,1.8,,6.7,,16.7,,-3.9,,222.3,,0,,222.3,,0,,14,,100,
-125.77,49.08,TOFINO A,1038205,Apr-70,1970,4,11.1,,2.6,,6.9,,16.7,,-1.1,,313.2,,6.6,,319.8,,0,,14,,87,
-125.77,49.08,TOFINO A,1038205,May-70,1970,5,13.4,,5.3,,9.4,,22.2,,1.1,S,129,,0,,129,,0,,27,,66,
-125.77,49.08,TOFINO A,1038205,Jun-70,1970,6,17.6,,7.9,,12.8,,27.2,,4.4,S,33,,0,,33,,0,,27,,60,
-125.77,49.08,TOFINO A,1038205,Jul-70,1970,7,17.8,,9.3,,13.6,,26.1,,5.6,,84.8,,0,,84.8,,0,,27,,40,
-125.77,49.08,TOFINO A,1038205,Aug-70,1970,8,17.5,,9.8,,13.7,,23.3,,6.1,,40.9,,0,,40.9,,0,,27,,50,
-125.77,49.08,TOFINO A,1038205,Sep-70,1970,9,15.8,,7.1,,11.5,,22.2,,1.7,,207.8,,0,,207.8,,0,,29,,50,
-125.77,49.08,TOFINO A,1038205,Oct-70,1970,10,13.2,,4.9,,9.1,,21.1,,-0.6,S,200.4,,0,,200.4,,0,,14,,69,
-125.77,49.08,TOFINO A,1038205,Nov-70,1970,11,9.9,,2.9,,6.4,,21.1,,-5,,286.5,,2.8,,289.3,,0,,11,,68,
-125.77,49.08,TOFINO A,1038205,Dec-70,1970,12,6.3,,0.7,,3.5,,10,S,-5.6,,421.4,,28.7,,471.7,,0,,27,,108,
-125.77,49.08,TOFINO A,1038205,Jan-71,1971,1,5.7,,1.4,,3.6,,9.4,S,-5,,518.2,,48,,560.1,,0,,0,,108,
-125.77,49.08,TOFINO A,1038205,Feb-71,1971,2,7.6,,1.8,,4.7,,11.7,,-3.9,,305.1,,8.9,,325.6,,0,,36,,72,
-125.77,49.08,TOFINO A,1038205,Mar-71,1971,3,7.3,,0.2,,3.8,,10,,-4.4,,434.6,,40.9,,474.5,,0,,0,,89,S
-125.77,49.08,TOFINO A,1038205,Apr-71,1971,4,11,,3.2,,7.1,,21.7,,-0.6,,236.5,,0,,236.5,,0,,36,,77,
-125.77,49.08,TOFINO A,1038205,May-71,1971,5,14.2,,5.1,,9.7,,21.7,,1.7,,78.2,,0,,78.2,,0,,36,,66,
-125.77,49.08,TOFINO A,1038205,Jun-71,1971,6,13.6,,8.3,,11,,20,,5.6,,190.8,,0,,190.8,,0,,2,,45,
-125.77,49.08,TOFINO A,1038205,Jul-71,1971,7,18.4,,9.5,,14,,28.3,,3.9,S,53.1,,0,,53.1,,0,,2,,48,
-125.77,49.08,TOFINO A,1038205,Aug-71,1971,8,19.1,,11.5,,15.3,,27.8,,5.6,,106.9,,0,,106.9,,0,,2,,48,
-125.77,49.08,TOFINO A,1038205,Sep-71,1971,9,16.6,,7.4,,12,,24.4,,3.3,,208.8,,0,,208.8,,0,,2,,45,
-125.77,49.08,TOFINO A,1038205,Oct-71,1971,10,12.5,,6,,9.3,,20,,-2.2,,502.9,,0,,502.9,,0,,36,,77,
-125.77,49.08,TOFINO A,1038205,Nov-71,1971,11,9.1,,3.6,,6.4,,12.8,,-2.2,,496.1,,0,T,496.1,,0,,36,,72,
-125.77,49.08,TOFINO A,1038205,Dec-71,1971,12,4.6,,-0.7,,2,,9.4,,-4.4,,218.4,,61.2,,308.1,,5,,36,,85,
-125.77,49.08,TOFINO A,1038205,Jan-72,1972,1,4.1,,-1,,1.6,,7.8,,-7.8,,274.6,,35.1,,318.5,,0,,27,,89,
-125.77,49.08,TOFINO A,1038205,Feb-72,1972,2,6.7,,0.7,,3.7,,10.6,,-7.2,,384.3,,1.8,,392.2,,0,,23,,72,
-125.77,49.08,TOFINO A,1038205,Mar-72,1972,3,8.4,,3.3,,5.9,,13.9,,-1.1,S,699,,9.9,,712,,0,,14,,68,
-125.77,49.08,TOFINO A,1038205,Apr-72,1972,4,8.8,,1.7,,5.3,,17.8,,-1.7,S,303.8,,16.8,,326.1,,0,,14,,68,
-125.77,49.08,TOFINO A,1038205,May-72,1972,5,15.3,,6.7,,11,,25,,1.7,,63,,0,,63,,0,,18,,32,
-125.77,49.08,TOFINO A,1038205,Jun-72,1972,6,15.6,,8.9,,12.3,,20,,3.9,,114.3,,0,,114.3,,0,,29,,45,S
-125.77,49.08,TOFINO A,1038205,Jul-72,1972,7,19.4,,10,,14.7,,27.2,S,5,,179.8,,0,,179.8,,0,,14,,48,
-125.77,49.08,TOFINO A,1038205,Aug-72,1972,8,20.4,,10.6,,15.5,,29.4,,6.1,,26.9,,0,,26.9,,0,,29,,48,
-125.77,49.08,TOFINO A,1038205,Sep-72,1972,9,15.6,,6.9,,11.3,,26.7,,-0.6,,150.1,,0,,150.1,,0,,11,,72,
-125.77,49.08,TOFINO A,1038205,Oct-72,1972,10,13.1,,3.5,,8.3,,21.1,,-1.1,S,66.3,,0,,66.3,,0,,29,,45,
-125.77,49.08,TOFINO A,1038205,Nov-72,1972,11,9.7,,3.9,,6.8,,13.3,S,-1.1,S,390.9,,0,,390.9,,0,,14,,64,
-125.77,49.08,TOFINO A,1038205,Dec-72,1972,12,6,,0.3,,3.2,,10.6,S,-11.1,,473.7,,7.6,,481.1,,0,,14,,79,
-125.77,49.08,TOFINO A,1038205,Jan-73,1973,1,6.5,,0.8,,3.7,,10,,-6.7,S,638.8,,0,T,638.8,,0,,23,,90,
-125.77,49.08,TOFINO A,1038205,Feb-73,1973,2,9.1,,1.3,,5.2,,15,,-3.3,,261.4,,0,,261.4,,0,,14,,72,
-125.77,49.08,TOFINO A,1038205,Mar-73,1973,3,8.6,,1.9,,5.3,,11.7,,-1.7,S,311.9,,12.2,,337.8,,0,,14,,84,
-125.77,49.08,TOFINO A,1038205,Apr-73,1973,4,11.6,,2.6,,7.1,,16.1,,-0.6,S,100.3,,1.3,,104.1,,0,,29,,58,
-125.77,49.08,TOFINO A,1038205,May-73,1973,5,13.8,,5.7,,9.8,,23.9,,1.1,,238.8,,0,,238.8,,0,,11,,80,
-125.77,49.08,TOFINO A,1038205,Jun-73,1973,6,15.3,,7.9,,11.6,,21.1,S,2.8,,186.4,,0,,186.4,,0,,11,,58,
-125.77,49.08,TOFINO A,1038205,Jul-73,1973,7,17.4,,9.6,,13.5,,27.2,,6.7,,71.4,,0,,71.4,,0,,29,,48,
-125.77,49.08,TOFINO A,1038205,Aug-73,1973,8,16.8,,8.7,,12.8,,25,,4.4,,29.2,,0,,29.2,,0,,16,,40,
-125.77,49.08,TOFINO A,1038205,Sep-73,1973,9,17.4,,9,,13.2,,24.4,,3.3,,100.1,,0,,100.1,,0,,11,,55,
-125.77,49.08,TOFINO A,1038205,Oct-73,1973,10,12.3,,5.6,,9,,15.6,,0.6,,392.2,,0,,392.2,,0,,16,,90,
-125.77,49.08,TOFINO A,1038205,Nov-73,1973,11,7.4,,0.7,,4.1,,12.2,,-2.8,,409.7,,31.2,,449.1,,0,,14,,109,
-125.77,49.08,TOFINO A,1038205,Dec-73,1973,12,8.5,,2.8,,5.7,,12.8,,-2.2,S,589,,0,,589,,0,,14,,87,
-125.77,49.08,TOFINO A,1038205,Jan-74,1974,1,6.3,,-0.5,,2.9,,11.1,,-6.7,S,455.2,,4.3,,460.5,,0,,18,,92,
-125.77,49.08,TOFINO A,1038205,Feb-74,1974,2,7,,1.6,,4.3,,9.4,S,-3.3,,702.6,,13.2,,719.8,,0,,16,,82,
-125.77,49.08,TOFINO A,1038205,Mar-74,1974,3,8,,1.7,,4.9,,11.7,,-5,,612.1,,31,,665.5,,0,,14,,71,
-125.77,49.08,TOFINO A,1038205,Apr-74,1974,4,11.1,,4.6,,7.9,,17.2,,0,S,299.2,,0,,299.2,,0,,11,,77,
-125.77,49.08,TOFINO A,1038205,May-74,1974,5,12,,4.9,,8.5,,15.6,,1.7,S,321.3,,0,,321.3,,0,,27,,72,
-125.77,49.08,TOFINO A,1038205,Jun-74,1974,6,15.9,,7.4,,11.7,,23.9,,2.8,,126.7,,0,,126.7,,0,,14,,71,
-125.77,49.08,TOFINO A,1038205,Jul-74,1974,7,17.9,,9.1,,13.5,,25.6,,5.6,,126.5,,0,,126.5,,0,,14,,45,
-125.77,49.08,TOFINO A,1038205,Aug-74,1974,8,18.6,,10.1,,14.4,,28.9,,6.1,,18.3,,0,,18.3,,0,,18,,39,
-125.77,49.08,TOFINO A,1038205,Sep-74,1974,9,20,,9,,14.5,,28.9,,3.9,,90.4,,0,,90.4,,0,,11,,55,
-125.77,49.08,TOFINO A,1038205,Oct-74,1974,10,14.3,,5.4,,9.9,,19.4,,0,,148.1,,0,,148.1,,0,,14,,69,
-125.77,49.08,TOFINO A,1038205,Nov-74,1974,11,9.3,,3,,6.2,,14.4,,-1.7,,486.7,,0,,486.7,,0,,14,,72,S
-125.77,49.08,TOFINO A,1038205,Dec-74,1974,12,8.8,,3.4,,6.1,,11.7,S,-2.2,,664.5,,0,T,664.5,,0,,27,,93,S
-125.77,49.08,TOFINO A,1038205,Jan-75,1975,1,5.7,,-0.1,,2.8,,10,,-5.6,,329.2,,29.7,,390.7,,3,,18,,93,
-125.77,49.08,TOFINO A,1038205,Feb-75,1975,2,6.9,,0.1,,3.5,,12.2,,-4.4,,245.6,,15.5,,263.7,,0,,32,,101,
-125.77,49.08,TOFINO A,1038205,Mar-75,1975,3,8.6,,0.5,,4.6,,13.3,,-2.8,S,291.6,,0.5,,292.1,,0,,27,,74,
-125.77,49.08,TOFINO A,1038205,Apr-75,1975,4,10,,1.4,,5.7,,14.4,,-1.7,S,148.1,,3.8,,152.9,,0,,29,,79,
-125.77,49.08,TOFINO A,1038205,May-75,1975,5,13.4,,5.6,,9.5,,24.4,,1.1,,173.7,,0,,173.7,,0,,9,,56,S
-125.77,49.08,TOFINO A,1038205,Jun-75,1975,6,15.4,,7.4,,11.4,,22.2,,3.9,S,122.7,,0,,122.7,,0,,27,,61,
-125.77,49.08,TOFINO A,1038205,Jul-75,1975,7,17.7,,9.4,,13.6,,27.2,,5.6,S,6.4,,0,,6.4,,0,,27,,47,
-125.77,49.08,TOFINO A,1038205,Aug-75,1975,8,16.2,,10.1,,13.2,,23.9,,6.7,S,348.5,,0,,348.5,,0,,14,,61,
-125.77,49.08,TOFINO A,1038205,Sep-75,1975,9,19.1,,8.2,,13.7,,25.6,,5,S,20.1,,0,,20.1,,0,,,,<31,
-125.77,49.08,TOFINO A,1038205,Oct-75,1975,10,11.8,,6.2,,9,,16.1,,-0.6,S,717,,0,,717,,0,,14,,74,S
-125.77,49.08,TOFINO A,1038205,Nov-75,1975,11,9.2,,3.1,,6.2,,12.2,S,-3.3,,753.6,,12.4,,764.8,,13,,14,,97,
-125.77,49.08,TOFINO A,1038205,Dec-75,1975,12,7.7,,1.3,,4.5,,15,,-5,,517.7,,7.1,,526,,0,,27,,85,
-125.77,49.08,TOFINO A,1038205,Jan-76,1976,1,7.6,,1.7,,4.7,,11.1,,-2.8,,455.2,,0,T,455.2,,0,,25,,97,
-125.77,49.08,TOFINO A,1038205,Feb-76,1976,2,7.2,,0.6,,3.9,,12.2,,-3.3,S,364.5,,25.7,,399.8,,10,,27,,98,
-125.77,49.08,TOFINO A,1038205,Mar-76,1976,3,7.1,,0.4,,3.8,,12.2,,-3.9,,441.5,,23.4,,476,,0,,14,,82,
-125.77,49.08,TOFINO A,1038205,Apr-76,1976,4,11.8,,3.2,,7.5,,21.7,,-1.7,,204.5,,0,,204.5,,0,,29,,79,
-125.77,49.08,TOFINO A,1038205,May-76,1976,5,12.7,,5.6,,9.2,,17.2,S,1.7,S,281.4,,0,,281.4,,0,,20,,74,
-125.77,49.08,TOFINO A,1038205,Jun-76,1976,6,14.5,,7.2,,10.9,,19.4,,2.2,,154.4,,0,,154.4,,0,,29,,48,
-125.77,49.08,TOFINO A,1038205,Jul-76,1976,7,16.6,,10.1,,13.4,,21.7,,5.6,,148.1,,0,,148.1,,0,,16,,56,S
-125.77,49.08,TOFINO A,1038205,Aug-76,1976,8,17,,10.8,,13.9,,21.7,,5.6,S,177.5,,0,,177.5,,0,,14,,47,
-125.77,49.08,TOFINO A,1038205,Sep-76,1976,9,17.4,,10,,13.7,,23.3,,6.7,S,114.8,,0,,114.8,,0,,11,,56,
-125.77,49.08,TOFINO A,1038205,Oct-76,1976,10,13.6,,6.2,,9.9,,17.2,,1.1,S,339.3,,0,,339.3,,0,,14,,76,
-125.77,49.08,TOFINO A,1038205,Nov-76,1976,11,11.5,,3.5,,7.5,,13.9,S,-2.8,S,190.8,,0,,190.8,,0,,16,,48,
-125.77,49.08,TOFINO A,1038205,Dec-76,1976,12,9.4,,3.3,,6.4,,13.3,,-1.7,S,368.3,,0,,368.3,,0,,27,,101,
-125.77,49.08,TOFINO A,1038205,Jan-77,1977,1,7.5,,0.1,,3.8,,11.4,,-4.2,,214,,0,,214,,0,,12,,46,B
-125.77,49.08,TOFINO A,1038205,Feb-77,1977,2,10.2,,4.1,,7.2,,15.7,,-1.1,,444.5,,0,,444.5,,0,,13,,98,E
-125.77,49.08,TOFINO A,1038205,Mar-77,1977,3,8.9,,1.5,,5.2,,12.6,,-2.3,,418.5,,6.1,,424.3,,0,,22,,85,E
-125.77,49.08,TOFINO A,1038205,Apr-77,1977,4,11.6,,3.6,,7.6,,18.6,,-0.9,,245.1,,0,T,245.1,,0,,13,,70,E
-125.77,49.08,TOFINO A,1038205,May-77,1977,5,12.6,,4.6,,8.6,,20.6,,0.5,,223.6,,0,,223.6,,0,,12,,63,E
-125.77,49.08,TOFINO A,1038205,Jun-77,1977,6,15.7,,8.4,,12.1,,23,,3.6,,101.1,,0,,101.1,,0,,12,,59,E
-125.77,49.08,TOFINO A,1038205,Jul-77,1977,7,16.9,,9.7,,13.3,,24,,5.2,,96.5,,0,,96.5,,0,,28,,43,E
-125.77,49.08,TOFINO A,1038205,Aug-77,1977,8,19.1,,10.6,,14.9,,29.6,,5.8,,75.5,,0,,75.5,,0,,12,S,43,B
-125.77,49.08,TOFINO A,1038205,Sep-77,1977,9,16.3,,8.1,,12.2,,23,,4,,121.6,,0,,121.6,,0,,15,,50,E
-125.77,49.08,TOFINO A,1038205,Oct-77,1977,10,12.8,,5.1,,9,,15.2,,0.5,,350.9,,0,,350.9,,0,,12,,78,E
-125.77,49.08,TOFINO A,1038205,Nov-77,1977,11,8.7,,1.8,,5.3,,16.2,,-7,,516.5,,7.2,,523.7,,0,,17,,81,E
-125.77,49.08,TOFINO A,1038205,Dec-77,1977,12,7,,0.5,,3.8,,10.3,,-4.3,,373,,8.3,,381.9,,0,,27,,87,E
-125.77,49.08,TOFINO A,1038205,Jan-78,1978,1,8.4,,2.5,,5.5,,12.7,,-7.2,,272.6,,3.7,,276.8,,0,,14,,69,E
-125.77,49.08,TOFINO A,1038205,Feb-78,1978,2,9.7,,2.6,,6.2,,16.6,,-3.2,,229.9,,3.2,,233.5,,0,,16,,94,E
-125.77,49.08,TOFINO A,1038205,Mar-78,1978,3,10.3,,3.1,,6.7,,15.4,,-3,S,317.1,,0,,317.1,,0,,14,,83,B
-125.77,49.08,TOFINO A,1038205,Apr-78,1978,4,11.7,,4,,7.9,,18,,-0.6,,143.6,,0,,143.6,,0,,28,,70,E
-125.77,49.08,TOFINO A,1038205,May-78,1978,5,14.5,,5.2,,9.9,,24.6,,0.5,,162.7,,0,,162.7,,0,,28,,54,E
-125.77,49.08,TOFINO A,1038205,Jun-78,1978,6,18.8,,9.5,,14.2,,27.8,,6.8,S,75.7,,0,,75.7,,0,,,M,,M
-125.77,49.08,TOFINO A,1038205,Jul-78,1978,7,19.4,,10.2,,14.8,,30.3,,7.1,,7.4,,0,,7.4,,0,,,M,,M
-125.77,49.08,TOFINO A,1038205,Aug-78,1978,8,18.5,,10.9,,14.7,,31.3,,7,,267.3,,0,,267.3,,0,,,M,,M
-125.77,49.08,TOFINO A,1038205,Sep-78,1978,9,16.3,,9.2,,12.8,,20.5,,2.6,,334.1,,0,,334.1,,0,,,M,,M
-125.77,49.08,TOFINO A,1038205,Oct-78,1978,10,14.8,,6.2,,10.5,,19.7,,0.4,,190.4,,0,,190.4,,0,,,M,,M
-125.77,49.08,TOFINO A,1038205,Nov-78,1978,11,8.4,,1.3,,4.9,,13,,-5.8,,352.3,,0,,352.3,,0,,,M,,M
-125.77,49.08,TOFINO A,1038205,Dec-78,1978,12,6,,-0.9,,2.6,,10.3,,-10.8,,334.4,,10,,338.5,,9,,,M,,M
-125.77,49.08,TOFINO A,1038205,Jan-79,1979,1,6.1,,-2.1,,2,,9.2,,-8.1,,177.8,,2.7,,179.6,,0,,,,,
-125.77,49.08,TOFINO A,1038205,Feb-79,1979,2,6.7,,0.7,,3.7,,9.1,S,-7,,538.2,,8.9,,554.1,,0,T,,,,
-125.77,49.08,TOFINO A,1038205,Mar-79,1979,3,11.1,,1.9,,6.5,,18.2,,-1.5,S,254,,0,,254,,0,,,,,
-125.77,49.08,TOFINO A,1038205,Apr-79,1979,4,11.9,,3.7,,7.8,,19.2,,-1.5,,156.6,,0,,156.6,,0,,,,,
-125.77,49.08,TOFINO A,1038205,May-79,1979,5,14.4,,6.6,,10.5,,20.3,,1.9,,153.1,,0,,153.1,,0,,,,,
-125.77,49.08,TOFINO A,1038205,Jun-79,1979,6,16.1,,7.2,,11.7,,21.8,,3,,104.1,,0,,104.1,,0,,,,,
-125.77,49.08,TOFINO A,1038205,Jul-79,1979,7,18.7,,10.6,,14.7,,28.1,,6.5,,144.4,,0,,144.4,,0,,,,,
-125.77,49.08,TOFINO A,1038205,Aug-79,1979,8,18.4,,11.2,,14.8,,22,,7.2,,,M,,M,,M,,M,,,,
-125.77,49.08,TOFINO A,1038205,Sep-79,1979,9,19.1,,10.2,,14.7,,26.7,,6.5,,,M,,M,,M,0,,,,,
-125.77,49.08,TOFINO A,1038205,Oct-79,1979,10,14.4,E,7.8,E,11.1,E,22.2,,2,E,250,E,0,E,250,E,,M,,,,
-125.77,49.08,TOFINO A,1038205,Nov-79,1979,11,10.8,E,4.1,E,7.5,E,16,E,-1.6,,250,E,0,E,250,E,0,,,,,
-125.77,49.08,TOFINO A,1038205,Dec-79,1979,12,9.4,,3.8,,6.6,,12.3,,-1.7,,702.3,,0,,702.3,,0,,,,,
-125.77,49.08,TOFINO A,1038205,Jan-80,1980,1,5.8,,-1.5,,2.2,,10.3,,-8.7,S,198,,29.3,,224.2,,0,,,,,
-125.77,49.08,TOFINO A,1038205,Feb-80,1980,2,9.2,,3.3,,6.3,,12.5,S,-1.1,S,291.8,,0,,291.8,,0,,,,,
-125.77,49.08,TOFINO A,1038205,Mar-80,1980,3,9.2,,1.9,,5.6,,12.5,,-1.6,,319.2,,2.6,,326.6,,0,,,,,
-125.77,49.08,TOFINO A,1038205,Apr-80,1980,4,,M,,M,,M,,M,,M,233.4,,0,,233.4,,0,,,,,
-125.77,49.08,TOFINO A,1038205,May-80,1980,5,14.1,,6.5,,10.3,,18.9,,1.6,,99.2,,0,,99.2,,0,,,,,
-125.77,49.08,TOFINO A,1038205,Jun-80,1980,6,15.2,,8.5,,11.9,,19.2,,4.4,,84.6,,0,,84.6,,0,,,,,
-125.77,49.08,TOFINO A,1038205,Jul-80,1980,7,18,,10.6,,14.3,,24.2,,7.4,,124.6,,0,,124.6,,0,,,,,
-125.77,49.08,TOFINO A,1038205,Aug-80,1980,8,17,,9.8,,13.4,,27.5,,5.2,,90.2,,0,,90.2,,0,,,,,
-125.77,49.08,TOFINO A,1038205,Sep-80,1980,9,16.7,,9.8,,13.3,,22.5,,6.3,S,215.4,,0,,215.4,,0,,,,,
-125.77,49.08,TOFINO A,1038205,Oct-80,1980,10,14.9,,7.2,,11.1,,20.7,,1.2,,204.2,,0,,204.2,,0,,,,,
-125.77,49.08,TOFINO A,1038205,Nov-80,1980,11,10.7,,5,,7.9,,15.3,,-0.8,,516.4,,0,,516.4,,0,,,,,
-125.77,49.08,TOFINO A,1038205,Dec-80,1980,12,8.7,,4.3,,6.5,,12.1,,-7.3,,716.7,,21.6,,738.3,,0,,,,,
-125.77,49.08,TOFINO A,1038205,Jan-81,1981,1,11.5,,3.8,,7.7,,18.1,,-1.6,,186.2,,0,,186.2,,0,,,,,
-125.77,49.08,TOFINO A,1038205,Feb-81,1981,2,9.6,,3.1,,6.4,,15.3,,-4.6,,377.7,,0,T,377.7,,0,,,,,
-125.77,49.08,TOFINO A,1038205,Mar-81,1981,3,11.8,,3.1,,7.5,,17.2,,-2.1,,319.7,,0,,319.7,,0,,,,,
-125.77,49.08,TOFINO A,1038205,Apr-81,1981,4,11,,3.8,,7.4,,15.8,,0.2,,477,,4,,481,,0,,,,,
-125.77,49.08,TOFINO A,1038205,May-81,1981,5,13.5,,6.9,,10.2,,19.4,,1.5,,151.9,,0,,151.9,,0,,,,,
-125.77,49.08,TOFINO A,1038205,Jun-81,1981,6,15.1,,8.6,,11.9,,20.4,,5.1,,269.8,,0,,269.8,,0,,,,,
-125.77,49.08,TOFINO A,1038205,Jul-81,1981,7,17.8,,10.7,,14.3,,25.7,,5.3,,43,,0,,43,,0,,,,,
-125.77,49.08,TOFINO A,1038205,Aug-81,1981,8,19.8,,11.6,,15.7,,32.8,,7.6,,74.6,,0,,74.6,,0,,,,,
-125.77,49.08,TOFINO A,1038205,Sep-81,1981,9,17.2,,9.6,,13.4,,25.6,,3.6,,307.5,,0,,307.5,,0,,,,,
-125.77,49.08,TOFINO A,1038205,Oct-81,1981,10,13.4,,5.1,,9.3,,16.7,,0,,336.6,,0,,336.6,,0,,,,,
-125.77,49.08,TOFINO A,1038205,Nov-81,1981,11,10.8,,4.4,,7.6,,13.9,S,-1.3,S,479.8,,0,,479.8,,0,,,,,
-125.77,49.08,TOFINO A,1038205,Dec-81,1981,12,8.3,,1.2,,4.8,,13.9,,-4.4,,337.4,,27.3,,364.7,,18,,,,,
-125.77,49.08,TOFINO A,1038205,Jan-82,1982,1,5.7,,-0.1,,2.8,,9.3,,-11.4,,493.5,,54.5,,548,,0,,,,,
-125.77,49.08,TOFINO A,1038205,Feb-82,1982,2,7.4,,2,,4.7,,10.7,,-4.1,,669.9,,31.4,,701.3,,0,,,,,
-125.77,49.08,TOFINO A,1038205,Mar-82,1982,3,9.4,,0.6,,5,,12.2,,-2.5,,170.7,,1.4,,172.1,,0,,,,,
-125.77,49.08,TOFINO A,1038205,Apr-82,1982,4,10.5,,1.3,,5.9,,17.7,,-1.5,,204.3,,0,T,204.3,,0,,,,,
-125.77,49.08,TOFINO A,1038205,May-82,1982,5,13.7,,5,,9.4,,18.3,,0.9,,56.8,,0,,56.8,,0,,,,,
-125.77,49.08,TOFINO A,1038205,Jun-82,1982,6,17.7,,8.5,,13.1,,29.9,,4.4,S,68.2,,0,,68.2,,0,,,,,
-125.77,49.08,TOFINO A,1038205,Jul-82,1982,7,17.3,,10.2,,13.8,,23.4,,6.7,,59.7,,0,,59.7,,0,,,,,
-125.77,49.08,TOFINO A,1038205,Aug-82,1982,8,19.1,,10.3,,14.7,,28,,6.9,S,57.2,,0,,57.2,,0,,,,,
-125.77,49.08,TOFINO A,1038205,Sep-82,1982,9,18.1,,9.1,,13.6,,24.2,,3.4,,128.1,,0,,128.1,,0,,,,,
-125.77,49.08,TOFINO A,1038205,Oct-82,1982,10,13.9,,6.1,,10,,20.7,,-0.6,,469.4,,0,,469.4,,0,,,,,
-125.77,49.08,TOFINO A,1038205,Nov-82,1982,11,9.4,,1.5,,5.5,,13.6,,-4,,433.6,,0,,433.6,,0,,,,,
-125.77,49.08,TOFINO A,1038205,Dec-82,1982,12,8.1,,0.8,,4.5,,11.7,S,-4.5,,394.6,,0,T,394.6,,0,,,,,
-125.77,49.08,TOFINO A,1038205,Jan-83,1983,1,9.8,,4,,6.9,,12.7,,-2.3,,615.1,,0,,615.1,,0,,,,,
-125.77,49.08,TOFINO A,1038205,Feb-83,1983,2,10.4,,3.7,,7.1,,13,,-2.9,,520.3,,0,,520.3,,0,,,,,
-125.77,49.08,TOFINO A,1038205,Mar-83,1983,3,11.7,,4,,7.9,,18.2,,-1.3,,433.9,,0,,433.9,,0,,,,,
-125.77,49.08,TOFINO A,1038205,Apr-83,1983,4,13.3,,3.3,,8.3,,19.7,,-1.5,,104,,0,,104,,0,,,,,
-125.77,49.08,TOFINO A,1038205,May-83,1983,5,16.3,,7,,11.7,,24.2,,1.4,,75.2,,0,,75.2,,0,,,,,
-125.77,49.08,TOFINO A,1038205,Jun-83,1983,6,16.4,,9.5,,13,,21.9,,5.8,,179.1,,0,,179.1,,0,,,,,
-125.77,49.08,TOFINO A,1038205,Jul-83,1983,7,18.3,,10.7,,14.5,,24.2,S,5,,228.9,,0,,228.9,,0,,,,,
-125.77,49.08,TOFINO A,1038205,Aug-83,1983,8,19.7,,10.8,,15.3,,26.4,,7.6,,87.6,,0,,87.6,,0,,,,,
-125.77,49.08,TOFINO A,1038205,Sep-83,1983,9,16.9,,8.2,,12.6,,22.2,,1.8,,108.4,,0,,108.4,,0,,,,,
-125.77,49.08,TOFINO A,1038205,Oct-83,1983,10,13,,4.6,,8.8,,15.5,,0.8,,304.3,,0,,304.3,,0,,,,,
-125.77,49.08,TOFINO A,1038205,Nov-83,1983,11,10.7,,4.7,,7.7,,14.7,,-2.6,,531.7,,0,,531.7,,0,,,,,
-125.77,49.08,TOFINO A,1038205,Dec-83,1983,12,6,,-1.6,,2.2,,10.2,,-10.7,,186.6,,0,T,186.6,,0,,,,,
-125.77,49.08,TOFINO A,1038205,Jan-84,1984,1,8.4,,2.6,,5.5,,10.8,,-5.3,,566.7,,0,,566.7,,0,,,,,
-125.77,49.08,TOFINO A,1038205,Feb-84,1984,2,9.3,,3.1,,6.2,,13.1,,-2.3,,528.6,E,0.8,E,529.4,E,0,,,,,
-125.77,49.08,TOFINO A,1038205,Mar-84,1984,3,11,,3.6,,7.3,,16.9,,-1,S,294.4,,0,,294.4,,0,,,,,
-125.77,49.08,TOFINO A,1038205,Apr-84,1984,4,11.3,,3.5,,7.4,,16.9,,-1.2,,406.6,,0,T,406.6,,0,,,,,
-125.77,49.08,TOFINO A,1038205,May-84,1984,5,12.6,,5.4,,9,,16.8,,0.9,,237.6,,0,T,237.6,,0,,,,,
-125.77,49.08,TOFINO A,1038205,Jun-84,1984,6,15.1,,8,,11.6,,20,,3.4,,181.4,,0,,181.4,,0,,,,,
-125.77,49.08,TOFINO A,1038205,Jul-84,1984,7,18.6,,9.6,,14.1,,26.6,,5.4,,30.4,,0,,30.4,,0,,,,,
-125.77,49.08,TOFINO A,1038205,Aug-84,1984,8,18,,10.7,,14.4,,22.8,,7,,82,,0,,82,,0,,,,,
-125.77,49.08,TOFINO A,1038205,Sep-84,1984,9,16.7,,7.9,,12.3,,23.1,,3.7,,166,,0,,166,,0,,,,,
-125.77,49.08,TOFINO A,1038205,Oct-84,1984,10,11.9,,4.8,,8.4,,18.5,,-3.5,,463.2,E,1.2,E,464.4,E,0,,,,,
-125.77,49.08,TOFINO A,1038205,Nov-84,1984,11,8.8,,2.7,,5.8,,12,,-2.3,,483.6,,0,,483.6,,0,,,,,
-125.77,49.08,TOFINO A,1038205,Dec-84,1984,12,5.9,,-0.8,,2.6,,10.1,,-4.8,S,351.8,E,21.4,E,373.2,E,,M,,,,
-125.77,49.08,TOFINO A,1038205,Jan-85,1985,1,7.8,,0.5,,4.2,,10.3,,-4.6,,108.4,E,0,,108.4,E,,M,,,,
-125.77,49.08,TOFINO A,1038205,Feb-85,1985,2,7.3,,1.7,,4.5,,11.6,,-1.9,S,202.8,,30.1,,233.2,,0,,,,,
-125.77,49.08,TOFINO A,1038205,Mar-85,1985,3,8.5,,0.4,,4.5,,11.5,,-3.2,,305,E,5,E,310,E,0,,,,,
-125.77,49.08,TOFINO A,1038205,Apr-85,1985,4,10.2,,3.2,,6.7,,16.1,,-1.5,S,224.6,,0,T,224.6,,0,,,,,
-125.77,49.08,TOFINO A,1038205,May-85,1985,5,14,,6.5,,10.3,,27.6,,1.1,,88.2,,0,,88.2,,0,,,,,
-125.77,49.08,TOFINO A,1038205,Jun-85,1985,6,16.5,,7.8,,12.2,,28.1,,4.1,,48.6,,0,,48.6,,0,,,,,
-125.77,49.08,TOFINO A,1038205,Jul-85,1985,7,20.1,,9.4,,14.8,,27.4,,4.9,,21,,0,,21,,0,,,,,
-125.77,49.08,TOFINO A,1038205,Aug-85,1985,8,19.2,,9.1,,14.2,,29.7,,6.4,,38.2,,0,,38.2,,0,,,,,
-125.77,49.08,TOFINO A,1038205,Sep-85,1985,9,16.6,,7,,11.8,,20.4,,2.7,,68.4,,0,,68.4,,0,,,,,
-125.77,49.08,TOFINO A,1038205,Oct-85,1985,10,12.2,,5.5,,8.9,,15.4,S,0.1,,602.4,,0,,602.4,,0,,,,,
-125.77,49.08,TOFINO A,1038205,Nov-85,1985,11,5.2,,-1.9,,1.7,,11.9,,-12.7,,135.4,E,9.3,E,144.3,E,,M,,,,
-125.77,49.08,TOFINO A,1038205,Dec-85,1985,12,7.4,,-0.3,,3.6,,10.1,S,-9.7,,208.4,,4,,212.4,,0,,,,,
-125.77,49.08,TOFINO A,1038205,Jan-86,1986,1,9.2,,3.6,,6.4,,20.1,,-0.6,,604.5,,0,,604.5,,0,,,,,
-125.77,49.08,TOFINO A,1038205,Feb-86,1986,2,8,,0.6,,4.3,,15.9,,-7.5,,279,,9.7,,288.7,,0,,,,,
-125.77,49.08,TOFINO A,1038205,Mar-86,1986,3,10.8,,4.7,,7.8,,16.8,,-1,,471.6,,0,,471.6,,0,,,,,
-125.77,49.08,TOFINO A,1038205,Apr-86,1986,4,10.4,,3.2,,6.8,,15.4,,-1.1,,346.7,,1.5,,348.2,,0,,,,,
-125.77,49.08,TOFINO A,1038205,May-86,1986,5,13.6,,5.9,,9.8,,25.6,,1.6,S,366.8,,0,,366.8,,0,,,,,
-125.77,49.08,TOFINO A,1038205,Jun-86,1986,6,17.1,,9.4,,13.3,,24.2,,6.6,,165.6,,0,,165.6,,0,,,,,
-125.77,49.08,TOFINO A,1038205,Jul-86,1986,7,17.1,,9.2,,13.2,,21.6,,4.5,,83.8,,0,,83.8,,0,,,,,
-125.77,49.08,TOFINO A,1038205,Aug-86,1986,8,21.1,,10,,15.6,,29.6,,5,,18.6,,0,,18.6,,0,,,,,
-125.77,49.08,TOFINO A,1038205,Sep-86,1986,9,16.8,,8,,12.4,,24.8,,3.4,,129.6,,0,,129.6,,0,,,,,
-125.77,49.08,TOFINO A,1038205,Oct-86,1986,10,15,,7.5,,11.3,,19.5,,2.5,,162.2,,0,,162.2,,0,,,,,
-125.77,49.08,TOFINO A,1038205,Nov-86,1986,11,10.7,,3.7,,7.2,,16.2,,-2.1,,474.2,,0,,474.2,,0,,,,,
-125.77,49.08,TOFINO A,1038205,Dec-86,1986,12,9.3,,2.6,,6,,11.8,,-3.2,,486.6,,0,,486.6,,0,,,,,
-125.77,49.08,TOFINO A,1038205,Jan-87,1987,1,8.5,,2.5,,5.5,,11.8,,-2.8,,597,,9,,606,,0,,,,,
-125.77,49.08,TOFINO A,1038205,Feb-87,1987,2,10.4,,3.4,,6.9,,14.2,S,-3.1,,386.4,,5,,391.4,,0,,,,,
-125.77,49.08,TOFINO A,1038205,Mar-87,1987,3,11.2,,3.4,,7.3,,17,,-1.9,,439.6,,0,T,439.6,,0,,,,,
-125.77,49.08,TOFINO A,1038205,Apr-87,1987,4,11.9,,4.3,,8.1,,17.5,,-1,,343.4,,0,T,343.4,,0,,,,,
-125.77,49.08,TOFINO A,1038205,May-87,1987,5,15,,6,,10.5,,25.5,,2.3,,289.4,,0,,289.4,,0,,,,,
-125.77,49.08,TOFINO A,1038205,Jun-87,1987,6,17.3,,8.2,,12.8,,26.6,,3.5,,217.4,,0,,217.4,,0,,,,,
-125.77,49.08,TOFINO A,1038205,Jul-87,1987,7,18.4,,10.2,,14.3,,28,,7.2,,40.8,,0,,40.8,,0,,,,,
-125.77,49.08,TOFINO A,1038205,Aug-87,1987,8,20.4,,9.9,,15.2,,28.7,,5.6,,12.4,,0,,12.4,,0,,,,,
-125.77,49.08,TOFINO A,1038205,Sep-87,1987,9,18.2,,9.3,,13.8,,26.1,,3.6,,98.2,,0,,98.2,,0,,,,,
-125.77,49.08,TOFINO A,1038205,Oct-87,1987,10,16,,5.9,,11,,21.7,,1.4,,136.6,,0,,136.6,,0,,,,,
-125.77,49.08,TOFINO A,1038205,Nov-87,1987,11,11.8,,5.6,,8.7,,16.8,,-1.7,,430,,0,T,430,,0,,,,,
-125.77,49.08,TOFINO A,1038205,Dec-87,1987,12,7.8,,0.9,,4.4,,12.2,,-3.6,,360.4,E,8.2,E,368.6,E,0,,,,,
-125.77,49.08,TOFINO A,1038205,Jan-88,1988,1,8.2,,1,,4.6,,12.2,,-5.5,,432.4,E,6.2,E,438.6,E,0,,,,,
-125.77,49.08,TOFINO A,1038205,Feb-88,1988,2,9.4,,2.4,,5.9,,16.3,,-6,,359.8,,1,,360.8,,0,,,,,
-125.77,49.08,TOFINO A,1038205,Mar-88,1988,3,10.1,,1.9,,6,,14.3,,-1.8,S,407.2,,0.4,,407.6,,0,,,,,
-125.77,49.08,TOFINO A,1038205,Apr-88,1988,4,12.3,,3.8,,8.1,,19.8,,-0.1,S,245.3,,4.2,,249.5,,0,,,,,
-125.77,49.08,TOFINO A,1038205,May-88,1988,5,14,,6.1,,10.1,,20.7,,-0.2,,318.5,,0,T,318.5,,0,,,,,
-125.77,49.08,TOFINO A,1038205,Jun-88,1988,6,16.7,,7.3,,12,,25,,3,,86.3,,0,,86.3,,0,,,,,
-125.77,49.08,TOFINO A,1038205,Jul-88,1988,7,19.1,,9.5,,14.3,,29,,4.5,,43,,0,,43,,0,,,,,
-125.77,49.08,TOFINO A,1038205,Aug-88,1988,8,19.8,,9.9,,14.9,,28.4,,6,,27.4,,0,,27.4,,0,,,,,
-125.77,49.08,TOFINO A,1038205,Sep-88,1988,9,17.4,,8.2,,12.8,,28.9,,2.9,,187.8,,0,,187.8,,0,,,,,
-125.77,49.08,TOFINO A,1038205,Oct-88,1988,10,14.2,,7.4,,10.8,,20,,-0.6,,324.3,,0,,324.3,,0,,,,,
-125.77,49.08,TOFINO A,1038205,Nov-88,1988,11,10.2,,3.8,,7,,14.2,S,-1.7,,615,,10.6,,625.6,,0,,,,,
-125.77,49.08,TOFINO A,1038205,Dec-88,1988,12,8.6,,2.6,,5.6,,13.1,,-2.6,,387,E,1.4,E,388.4,E,0,,,,,
-125.77,49.08,TOFINO A,1038205,Jan-89,1989,1,6.6,,1.1,,3.9,,9.8,,-4,,461.2,,40.6,,501.8,,,M,,,,
-125.77,49.08,TOFINO A,1038205,Feb-89,1989,2,6,,-2.6,,1.7,,10.2,,-9.2,,141.2,,7,,148.2,,0,,,,,
-125.77,49.08,TOFINO A,1038205,Mar-89,1989,3,8.6,,1.8,,5.2,,12.6,,-5.5,,321,E,3.2,E,324.2,E,0,,,,,
-125.77,49.08,TOFINO A,1038205,Apr-89,1989,4,14.5,,4.6,,9.6,,22.8,,1.3,,224.6,,0.2,,224.8,,0,,,,,
-125.77,49.08,TOFINO A,1038205,May-89,1989,5,15.2,,6.1,,10.7,,19.5,,1.3,,82.6,,0,,82.6,,0,,,,,
-125.77,49.08,TOFINO A,1038205,Jun-89,1989,6,17.9,,8.6,,13.3,,29.4,,4.3,,178.6,,0,,178.6,,0,,,,,
-125.77,49.08,TOFINO A,1038205,Jul-89,1989,7,18.1,,10.7,,14.4,,21.4,,7.1,,115.6,,0,,115.6,,0,,,,,
-125.77,49.08,TOFINO A,1038205,Aug-89,1989,8,18.3,,11,,14.7,,21.8,,8,,43,,0,,43,,0,,,,,
-125.77,49.08,TOFINO A,1038205,Sep-89,1989,9,20.5,,8.3,,14.4,,27.4,,4.3,,7.6,,0,,7.6,,0,,,,,
-125.77,49.08,TOFINO A,1038205,Oct-89,1989,10,13.4,,6.5,,10,,18.3,,0,,244.4,,0,,244.4,,0,,,,,
-125.77,49.08,TOFINO A,1038205,Nov-89,1989,11,10.2,,4,,7.1,,13.8,,-1,,531.2,,0,T,531.2,,0,,,,,
-125.77,49.08,TOFINO A,1038205,Dec-89,1989,12,8.8,,4.2,,6.5,,14.2,,-2.1,,273.4,,0,,273.4,,0,,,,,
-125.77,49.08,TOFINO A,1038205,Jan-90,1990,1,8.4,,2.2,,5.3,,10.9,,-1.9,S,458.4,E,17.2,E,475.6,E,0,,,,,
-125.77,49.08,TOFINO A,1038205,Feb-90,1990,2,6.9,,-0.4,,3.3,,11.7,,-5.5,S,296,E,55.2,E,351.2,E,0,,,,,
-125.77,49.08,TOFINO A,1038205,Mar-90,1990,3,10.4,,2.9,,6.7,,15.6,,-1.9,,260,E,12,E,272,E,0,,,,,
-125.77,49.08,TOFINO A,1038205,Apr-90,1990,4,12.5,,5.3,,8.9,,17.3,,-0.4,,182.2,,0,,182.2,,0,,,,,
-125.77,49.08,TOFINO A,1038205,May-90,1990,5,14.4,,7.4,,10.9,,20.7,,3.4,,97.6,,0,,97.6,,0,,,,,
-125.77,49.08,TOFINO A,1038205,Jun-90,1990,6,16.2,,9.6,,12.9,,25.2,,6,,213,,0,,213,,0,,,,,
-125.77,49.08,TOFINO A,1038205,Jul-90,1990,7,21.3,,10.7,,16,,29.3,,7.5,,21.8,,0,,21.8,,0,,,,,
-125.77,49.08,TOFINO A,1038205,Aug-90,1990,8,20,,11.7,,15.9,,28.3,,7.5,,60,,0,,60,,0,,,,,
-125.77,49.08,TOFINO A,1038205,Sep-90,1990,9,19.7,,10.3,,15,,26.9,,4.8,,25.4,,0,,25.4,,0,,,,,
-125.77,49.08,TOFINO A,1038205,Oct-90,1990,10,12.3,,5.1,,8.7,,14.5,S,-0.4,,542.4,,0,,542.4,,0,,,,,
-125.77,49.08,TOFINO A,1038205,Nov-90,1990,11,9.9,,3.2,,6.6,,12.8,,-2.8,,635.5,E,4.7,E,640.2,E,0,,,,,
-125.77,49.08,TOFINO A,1038205,Dec-90,1990,12,5.8,,-0.4,,2.7,,11.3,,-9.2,,482.8,E,32.2,E,515,E,3,,,,,
-125.77,49.08,TOFINO A,1038205,Jan-91,1991,1,7.2,,0.9,,4.1,,9.8,,-5.8,,361.2,,0,T,361.2,,0,,,,,
-125.77,49.08,TOFINO A,1038205,Feb-91,1991,2,10.5,,4,,7.3,,14.5,,-1.3,,435.8,,0,,435.8,,0,,,,,
-125.77,49.08,TOFINO A,1038205,Mar-91,1991,3,9,,1,,5,,12.9,,-3.2,,160.6,E,25.8,E,186.4,E,0,,,,,
-125.77,49.08,TOFINO A,1038205,Apr-91,1991,4,11.9,,3.1,,7.5,,21.1,,-0.7,,242.6,,0,,242.6,,0,,,,,
-125.77,49.08,TOFINO A,1038205,May-91,1991,5,13.9,,6.1,,10,,22.6,,3.1,,148.8,,0,,148.8,,0,,,,,
-125.77,49.08,TOFINO A,1038205,Jun-91,1991,6,16,,8.4,,12.2,,23.9,,3.2,,68.6,,0,,68.6,,0,,,,,
-125.77,49.08,TOFINO A,1038205,Jul-91,1991,7,18,,10,,14,,26,,7,,86.8,,0,,86.8,,0,,,,,
-125.77,49.08,TOFINO A,1038205,Aug-91,1991,8,17.7,,11.1,,14.4,,22.1,,7,,351,,0,,351,,0,,,,,
-125.77,49.08,TOFINO A,1038205,Sep-91,1991,9,19.6,,9,,14.3,,27.4,,4.1,,5.4,,0,,5.4,,0,,,,,
-125.77,49.08,TOFINO A,1038205,Oct-91,1991,10,14.2,,4.8,,9.5,,23.7,,-2.6,,55.2,,0,,55.2,,0,,,,,
-125.77,49.08,TOFINO A,1038205,Nov-91,1991,11,10.7,,4.4,,7.6,,13.7,,-2.2,,649.6,,0,T,649.6,,0,,,,,
-125.77,49.08,TOFINO A,1038205,Dec-91,1991,12,9.2,,3,,6.1,,11.6,,-4.1,,602,,0,T,602,,0,,,,,
-125.77,49.08,TOFINO A,1038205,Jan-92,1992,1,9.1,,3.6,,6.3,,14.4,,-4,,757.4,,0,T,757.4,,0,,,,,
-125.77,49.08,TOFINO A,1038205,Feb-92,1992,2,10.7,,3.7,,7.2,,15.3,,-1.3,S,297.2,,0.2,,297.4,,0,,,,,
-125.77,49.08,TOFINO A,1038205,Mar-92,1992,3,12.9,,3.8,,8.4,,15.5,,0.3,,56.6,,0,,56.6,,0,,,,,
-125.77,49.08,TOFINO A,1038205,Apr-92,1992,4,12.8,,5.3,,9,,19.2,,0.4,,246.9,,5,,251.9,,0,,,,,
-125.77,49.08,TOFINO A,1038205,May-92,1992,5,16.4,,6.7,,11.6,,22.4,,1.7,,59,,0,,59,,0,,,,,
-125.77,49.08,TOFINO A,1038205,Jun-92,1992,6,18.4,,10.2,,14.3,,27.9,,6.6,,65.8,,0,,65.8,,0,,,,,
-125.77,49.08,TOFINO A,1038205,Jul-92,1992,7,19.9,,11.3,,15.6,,27.7,,7.3,,8.6,,0,,8.6,,0,,,,,
-125.77,49.08,TOFINO A,1038205,Aug-92,1992,8,19.1,,11.1,,15.2,,29.5,,6.7,,71.6,,0,,71.6,,0,,,,,
-125.77,49.08,TOFINO A,1038205,Sep-92,1992,9,16.1,,8.2,,12.2,,20.8,,2.2,,170.8,,0,,170.8,,0,,,,,
-125.77,49.08,TOFINO A,1038205,Oct-92,1992,10,13.3,,7.1,,10.2,,16.3,,-1,,426.8,,0,,426.8,,0,,,,,
-125.77,49.08,TOFINO A,1038205,Nov-92,1992,11,10.5,,4.1,,7.3,,13.8,,-2.3,,414.8,,0,,414.8,,0,,,,,
-125.77,49.08,TOFINO A,1038205,Dec-92,1992,12,6.9,,0.1,,3.5,,10.6,,-4.1,,320.6,,16.2,,337.8,,,M,,,,
-125.77,49.08,TOFINO A,1038205,Jan-93,1993,1,6.7,,-1.3,,2.8,,13.5,,-7.8,,431,,4.2,,435.2,,0,,,,,
-125.77,49.08,TOFINO A,1038205,Feb-93,1993,2,9.6,,0.3,,5,,18.1,,-6.6,,74.8,,0,,74.8,,0,,,,,
-125.77,49.08,TOFINO A,1038205,Mar-93,1993,3,10.7,,2.9,,6.8,,14.8,,-1.7,,444.6,,0,,444.6,,0,,,,,
-125.77,49.08,TOFINO A,1038205,Apr-93,1993,4,11.4,,5.4,,8.4,,17,,0.9,,393.4,,0,,393.4,,0,,,,,
-125.77,49.08,TOFINO A,1038205,May-93,1993,5,15.6,,8.2,,11.9,,25.8,,2.9,,273.4,,0,,273.4,,0,,,,,
-125.77,49.08,TOFINO A,1038205,Jun-93,1993,6,16.6,,9.6,,13.2,,21.5,,6.1,,126.4,,0,,126.4,,0,,,,,
-125.77,49.08,TOFINO A,1038205,Jul-93,1993,7,17.7,,10.8,,14.3,,21.2,,7.3,S,35.2,,0,,35.2,,0,,,,,
-125.77,49.08,TOFINO A,1038205,Aug-93,1993,8,19.5,,10.8,,15.2,,29.4,,5.4,,158.2,,0,,158.2,,0,,,,,
-125.77,49.08,TOFINO A,1038205,Sep-93,1993,9,17,,8.3,,12.7,,23.5,,3.8,,3.2,,0,,3.2,,0,,,,,
-125.77,49.08,TOFINO A,1038205,Oct-93,1993,10,14.4,,7.5,,11,,20.1,,3.8,,157.2,,0,,157.2,,0,,,,,
-125.77,49.08,TOFINO A,1038205,Nov-93,1993,11,9.4,,1.9,,5.7,,13.7,,-5.6,,235.4,,0.4,,235.8,,0,,,,,
-125.77,49.08,TOFINO A,1038205,Dec-93,1993,12,8.3,,3.1,,5.7,,10.8,,-1.9,,507,,0,,507,,0,,,,,
-125.77,49.08,TOFINO A,1038205,Jan-94,1994,1,9.5,,4.3,,6.9,,11.2,,-1.8,S,317,,0,,317,,0,,,,,
-125.77,49.08,TOFINO A,1038205,Feb-94,1994,2,7.2,,1.2,,4.3,,9.9,,-3.7,,479.2,,30.6,,509.8,,0,,,,,
-125.77,49.08,TOFINO A,1038205,Mar-94,1994,3,10.9,,2.7,,6.8,,16.2,,-1.7,,223.8,,4.8,,228.6,,0,,,,,
-125.77,49.08,TOFINO A,1038205,Apr-94,1994,4,12,,5.8,,8.9,,15.9,,1.6,S,209.4,,0,,209.4,,0,,,,,
-125.77,49.08,TOFINO A,1038205,May-94,1994,5,15.3,,6.9,,11.1,,21.9,,2.4,,157.4,,0,,157.4,,0,,,,,
-125.77,49.08,TOFINO A,1038205,Jun-94,1994,6,15.9,,9.2,,12.5,,21.5,,5.8,,196.6,,0,,196.6,,0,,,,,
-125.77,49.08,TOFINO A,1038205,Jul-94,1994,7,19.2,,10.3,,14.8,,26.5,,7,S,12.2,,0,,12.2,,0,,,,,
-125.77,49.08,TOFINO A,1038205,Aug-94,1994,8,19.5,,11.6,,15.6,,23.5,,7.5,,38.4,,0,,38.4,,0,,,,,
-125.77,49.08,TOFINO A,1038205,Sep-94,1994,9,18.3,,10.1,,14.2,,25.7,,6.5,,196.6,,0,,196.6,,0,,,,,
-125.77,49.08,TOFINO A,1038205,Oct-94,1994,10,13.2,,5.2,,9.2,,18.4,,1.1,,296,,0,,296,,0,,,,,
-125.77,49.08,TOFINO A,1038205,Nov-94,1994,11,8.4,,1.7,,5.1,,10.7,,-2.4,,641.6,,1,,642.6,,0,,,,,
-125.77,49.08,TOFINO A,1038205,Dec-94,1994,12,7.5,,2.2,,4.9,,11.5,,-4.4,,521.4,,8,,529.4,,0,,,,,
-125.77,49.08,TOFINO A,1038205,Jan-95,1995,1,9.5,,2.8,,6.2,,14.2,,-5.1,,394.2,,0,,394.2,,0,,,,,
-125.77,49.08,TOFINO A,1038205,Feb-95,1995,2,10,,2.8,,6.4,,17.2,,-5.1,,341.6,,9.6,,351.2,,0,,,,,
-125.77,49.08,TOFINO A,1038205,Mar-95,1995,3,10.4,,2.4,,6.4,,16.1,,-4.4,,284.4,,0.8,,285.2,,0,,,,,
-125.77,49.08,TOFINO A,1038205,Apr-95,1995,4,11.8,,3.9,,7.9,,17.7,,-0.2,,195.4,,0,,195.4,,0,,,,,
-125.77,49.08,TOFINO A,1038205,May-95,1995,5,16.7,,6.7,,11.8,,22.2,,3,,52.4,,0,,52.4,,0,,,,,
-125.77,49.08,TOFINO A,1038205,Jun-95,1995,6,18.3,,9.3,,13.8,,30.6,,4,,97,,0,,97,,0,,,,,
-125.77,49.08,TOFINO A,1038205,Jul-95,1995,7,19.6,,11.5,,15.6,,31.6,,7.3,,71.2,,0,,71.2,,0,,,,,
-125.77,49.08,TOFINO A,1038205,Aug-95,1995,8,17.7,,10.2,,14,,22.7,,6.7,,69.2,,0,,69.2,,0,,,,,
-125.77,49.08,TOFINO A,1038205,Sep-95,1995,9,18.9,,10.9,,14.9,,25.3,,6.2,,81.8,,0,,81.8,,0,,,,,
-125.77,49.08,TOFINO A,1038205,Oct-95,1995,10,13.4,,6.4,,9.9,,16.4,,-2.2,,542.4,,0,,542.4,,0,,,,,
-125.77,49.08,TOFINO A,1038205,Nov-95,1995,11,11,,5.2,,8.1,,13.5,,-2.2,,786.6,,0,,786.6,,0,,,,,
-125.77,49.08,TOFINO A,1038205,Dec-95,1995,12,9.1,,3.3,,6.2,,11.8,,-3.3,,430.6,,4.2,,434.8,,0,,,,,
-125.77,49.08,TOFINO A,1038205,Jan-96,1996,1,7.1,,1.4,,4.2,,11.9,,-11.6,,423.4,,14.2,,437.6,,0,,,,,
-125.77,49.08,TOFINO A,1038205,Feb-96,1996,2,9.3,,1.1,,5.2,,14.2,,-7.7,,231.8,,11.4,,243.2,,0,,,,,
-125.77,49.08,TOFINO A,1038205,Mar-96,1996,3,10.3,,2.5,,6.5,,16.2,,-3.1,,232,,0,,232,,0,,,,,
-125.77,49.08,TOFINO A,1038205,Apr-96,1996,4,11.2,,5.9,,8.6,,17.5,,-0.4,,497.4,,0,T,497.4,,0,,,,,
-125.77,49.08,TOFINO A,1038205,May-96,1996,5,13.3,,5.2,,9.3,,17.4,,0.2,S,104.8,,0,,104.8,,0,,,,,
-125.77,49.08,TOFINO A,1038205,Jun-96,1996,6,15.9,,8.4,,12.2,,21.8,,4.4,S,81.4,,0,,81.4,,0,,,,,
-125.77,49.08,TOFINO A,1038205,Jul-96,1996,7,20.5,,10.5,,15.5,,28.3,,6.1,,40.4,,0,,40.4,,0,,,,,
-125.77,49.08,TOFINO A,1038205,Aug-96,1996,8,19.2,,10.7,,15,,27.6,,7.9,,80.6,,0,,80.6,,0,,,,,
-125.77,49.08,TOFINO A,1038205,Sep-96,1996,9,16.1,,8.6,,12.4,,20.2,,2.6,,180.6,,0,,180.6,,0,,,,,
-125.77,49.08,TOFINO A,1038205,Oct-96,1996,10,13,,5.6,,9.3,,22.6,,-1.3,,522,,0,,522,,0,,,,,
-125.77,49.08,TOFINO A,1038205,Nov-96,1996,11,8.8,,2.6,,5.7,,15.8,,-5.8,,291.4,,21.8,,313.2,,0,,,,,
-125.77,49.08,TOFINO A,1038205,Dec-96,1996,12,5.9,,0.2,,3.1,,10.2,,-5.4,,405.8,,14.6,I,394.8,I,,M,,,,
-125.77,49.08,TOFINO A,1038205,Jan-97,1997,1,8.2,,2.7,,5.4,,12,,-5.3,,542.6,,0,,542.6,,0,,,,,
-125.77,49.08,TOFINO A,1038205,Feb-97,1997,2,9.1,,2.2,,5.7,,12.9,,-2.3,,244.4,,0,,244.4,,0,,,,,
-125.77,49.08,TOFINO A,1038205,Mar-97,1997,3,8.5,,2.7,,5.6,,12.6,,-1.3,,484,,11.6,,496.4,,0,,,,,
-125.77,49.08,TOFINO A,1038205,Apr-97,1997,4,11.8,,3.4,,7.6,,16.3,,-1.6,,320.4,,0,,320.4,,0,,,,,
-125.77,49.08,TOFINO A,1038205,May-97,1997,5,16,,7.9,,12,,24.6,,2,,170.6,,0,,170.6,,0,,,,,
-125.77,49.08,TOFINO A,1038205,Jun-97,1997,6,16.4,,9.9,,13.2,,20.2,,6.1,,269,,0,,269,,0,,,,,
-125.77,49.08,TOFINO A,1038205,Jul-97,1997,7,19.4,,10.9,,15.2,,25.7,,8.6,,109,,0,,109,,0,,,,,
-125.77,49.08,TOFINO A,1038205,Aug-97,1997,8,20.1,,12.1,,16.1,,28.9,,9,S,110,,0,,110,,0,,,,,
-125.77,49.08,TOFINO A,1038205,Sep-97,1997,9,19.2,,11.1,,15.1,,25.5,,7.5,,323.6,,0,,323.6,,0,,,,,
-125.77,49.08,TOFINO A,1038205,Oct-97,1997,10,13.6,,7.3,,10.5,,16.6,S,2.1,,491.4,,0,,491.4,,0,,,,,
-125.77,49.08,TOFINO A,1038205,Nov-97,1997,11,12.8,,5.8,,9.3,,17.7,,0.3,,411,,0,T,411,,0,,,,,
-125.77,49.08,TOFINO A,1038205,Dec-97,1997,12,9.8,,4.1,,7,,15.2,,-1.1,,715.2,,0,,715.2,,0,,,,,
-125.77,49.08,TOFINO A,1038205,Jan-98,1998,1,8.2,,2.3,,5.3,,17,,-6,,565.4,,2.4,,567.8,,0,,,,,
-125.77,49.08,TOFINO A,1038205,Feb-98,1998,2,9.9,,3.8,,6.9,,12.8,S,-2.2,,461.2,E,0,T,461.2,E,0,,,,,
-125.77,49.08,TOFINO A,1038205,Mar-98,1998,3,10.7,,3.4,,7.1,,16.4,,-1.9,,251.6,,0,T,251.6,,0,,,,,
-125.77,49.08,TOFINO A,1038205,Apr-98,1998,4,12.8,,3,,7.9,,20.2,,-1.5,,83,,0,,83,,0,,,,,
-125.77,49.08,TOFINO A,1038205,May-98,1998,5,14.8,,7.9,,11.3,,22.1,,3.3,,114.2,,0,,114.2,,0,,,,,
-125.77,49.08,TOFINO A,1038205,Jun-98,1998,6,16.5,,9.5,,13,,21.8,S,5.2,,42,,0,,42,,0,,,,,
-125.77,49.08,TOFINO A,1038205,Jul-98,1998,7,18.8,,11.6,,15.2,,28.2,,9,,132.8,,0,,132.8,,0,,,,,
-125.77,49.08,TOFINO A,1038205,Aug-98,1998,8,20.1,,10.6,,15.3,,25.6,,8.3,S,19,,0,,19,,0,,,,,
-125.77,49.08,TOFINO A,1038205,Sep-98,1998,9,18.2,,10,,14.1,,22.2,,7.1,,56.4,,0,,56.4,,0,,,,,
-125.77,49.08,TOFINO A,1038205,Oct-98,1998,10,13.7,,7.5,,10.6,,19,,2.7,,316.2,,0,,316.2,,0,,,,,
-125.77,49.08,TOFINO A,1038205,Nov-98,1998,11,10.6,,5.4,,8,,13.8,,-0.3,,560.6,,0,T,560.6,,0,,,,,
-125.77,49.08,TOFINO A,1038205,Dec-98,1998,12,7.3,,2,,4.6,,11.1,,-7,,709.6,,33,,742.6,,0,,,,,
-125.77,49.08,TOFINO A,1038205,Jan-99,1999,1,7.8,,2.7,,5.3,,9.7,,-1.5,,521.8,,3,,524.8,,0,,,,,
-125.77,49.08,TOFINO A,1038205,Feb-99,1999,2,7.4,,1.7,,4.6,,12.5,,-1.7,,762.9,,19.4,,784.3,,0,,,,,
-125.77,49.08,TOFINO A,1038205,Mar-99,1999,3,8.2,,1.8,,5,,14.5,,-1.7,S,361.4,,5,,366.4,,0,,,,,
-125.77,49.08,TOFINO A,1038205,Apr-99,1999,4,11.5,,2.2,,6.9,,21,,-1.5,,165,,0,T,165,,0,,,,,
-125.77,49.08,TOFINO A,1038205,May-99,1999,5,12.9,,4.4,,8.7,,23.3,,-0.2,,107.6,,0,,107.6,,0,,,,,
-125.77,49.08,TOFINO A,1038205,Jun-99,1999,6,14.5,,8.8,,11.7,,24,,3.5,,166.2,,0,,166.2,,0,,,,,
-125.77,49.08,TOFINO A,1038205,Jul-99,1999,7,17.8,,9.7,,13.8,,23.7,,5.1,,8.2,,0,,8.2,,0,,,,,
-125.77,49.08,TOFINO A,1038205,Aug-99,1999,8,18.2,,11.1,,14.7,,24.3,,5.2,,110.6,,0,,110.6,,0,,,,,
-125.77,49.08,TOFINO A,1038205,Sep-99,1999,9,17.6,,7.9,,12.8,,25.8,,4.2,,74.4,,0,,74.4,,0,,,,,
-125.77,49.08,TOFINO A,1038205,Oct-99,1999,10,13.5,,5.2,,9.4,,18.5,,0.4,,277.3,,0,,277.3,,0,,,,,
-125.77,49.08,TOFINO A,1038205,Nov-99,1999,11,10.4,,4.5,,7.5,,14.3,,-1.2,,550.4,,0,,550.4,,0,,,,,
-125.77,49.08,TOFINO A,1038205,Dec-99,1999,12,8.6,,2.6,,5.7,,11.9,,-1,,544.1,,0,,544.1,,0,,,,,
-125.77,49.08,TOFINO A,1038205,Jan-00,2000,1,7,,0.3,,3.7,,12.3,,-3.4,S,303.7,,58.2,,361.9,,0,,,,,
-125.77,49.08,TOFINO A,1038205,Feb-00,2000,2,9.4,,1.4,,5.4,,16.2,,-3.3,,264,,0,,264,,0,,,,,
-125.77,49.08,TOFINO A,1038205,Mar-00,2000,3,9.3,,2.4,,5.9,,13.7,,-2.3,,381,,0,,381,,0,,,,,
-125.77,49.08,TOFINO A,1038205,Apr-00,2000,4,11.9,,4.3,,8.1,,17.7,,-0.7,,238.8,,0,,238.8,,0,,,,,
-125.77,49.08,TOFINO A,1038205,May-00,2000,5,13.2,,5.4,,9.3,,20.2,,1.3,,211.4,,0,,211.4,,0,,,,,
-125.77,49.08,TOFINO A,1038205,Jun-00,2000,6,17.1,,8.1,,12.6,,26.6,,4.3,,154.2,,0,,154.2,,0,,,,,
-125.77,49.08,TOFINO A,1038205,Jul-00,2000,7,18,,10.3,,14.2,,23.4,,5.7,,151.4,,0,,151.4,,0,,,,,
-125.77,49.08,TOFINO A,1038205,Aug-00,2000,8,17.4,,10.5,,14,,24.8,,6.9,,73.4,,0,,73.4,,0,,,,,
-125.77,49.08,TOFINO A,1038205,Sep-00,2000,9,17.2,,9.8,,13.5,,23.7,,5,S,195.2,,0,,195.2,,0,,,,,
-125.77,49.08,TOFINO A,1038205,Oct-00,2000,10,13.5,,6.4,,10,,17.8,,2.3,,283.6,,0,,283.6,,0,,,,,
-125.77,49.08,TOFINO A,1038205,Nov-00,2000,11,9.7,,2.6,,6.2,,14.2,,-1.9,,261.8,,0,,261.8,,0,,,,,
-125.77,49.08,TOFINO A,1038205,Dec-00,2000,12,7.9,,1.6,,4.8,,11,,-3.8,,308.4,,14.1,,322.5,,0,,,,,
-125.77,49.08,TOFINO A,1038205,Jan-01,2001,1,9.2,,2.4,,5.8,,15.7,,-2.3,,310.8,,0,,310.8,,0,,,,,
-125.77,49.08,TOFINO A,1038205,Feb-01,2001,2,8.5,,0.4,,4.5,,12.4,,-3.3,,153.4,,4.4,,157.8,,0,,,,,
-125.77,49.08,TOFINO A,1038205,Mar-01,2001,3,9.5,,2.5,,6,,12.6,,-1.8,,310,,0,T,310,,0,,,,,
-125.77,49.08,TOFINO A,1038205,Apr-01,2001,4,11.2,,3.5,,7.4,,16.2,,-1.3,,286.4,,0,,286.4,,0,,,,,
-125.77,49.08,TOFINO A,1038205,May-01,2001,5,13.2,,5.6,,9.4,,21.7,,1.3,,213.8,,0,,213.8,,0,,,,,
-125.77,49.08,TOFINO A,1038205,Jun-01,2001,6,15.1,,7.8,,11.5,,19.9,,4.3,,88.8,,0,,88.8,,0,,,,,
-125.77,49.08,TOFINO A,1038205,Jul-01,2001,7,17.6,,9.5,,13.5,,21.8,S,6.3,,23.4,,0,,23.4,,0,,,,,
-125.77,49.08,TOFINO A,1038205,Aug-01,2001,8,17.3,,11.2,,14.3,,27.7,,7.7,,366.6,,0,,366.6,,0,,,,,
-125.77,49.08,TOFINO A,1038205,Sep-01,2001,9,17,,9.3,,13.2,,21.7,,5.1,,111.2,,0,,111.2,,0,,,,,
-125.77,49.08,TOFINO A,1038205,Oct-01,2001,10,12.9,,5.6,,9.3,,20.2,,1.4,,350.2,,0,,350.2,,0,,,,,
-125.77,49.08,TOFINO A,1038205,Nov-01,2001,11,10.3,,4.5,,7.4,,14.3,,-1.3,,406,,0,T,406,,0,,,,,
-125.77,49.08,TOFINO A,1038205,Dec-01,2001,12,8.4,,2.2,,5.3,,12.5,,-2.8,,551,,6.6,,557.6,,0,,,,,
-125.77,49.08,TOFINO A,1038205,Jan-02,2002,1,7.6,,2.8,,5.2,,12,,-3.3,,357.8,,14.6,,372.4,,0,,,,,
-125.77,49.08,TOFINO A,1038205,Feb-02,2002,2,8.4,,2.1,,5.3,,11,,-2.3,S,296,,0,,296,,0,,,,,
-125.77,49.08,TOFINO A,1038205,Mar-02,2002,3,7.9,,1.7,,4.8,,11.7,,-4.4,,215,,29.8,,245,,0,,,,,
-125.77,49.08,TOFINO A,1038205,Apr-02,2002,4,11.3,,3.6,,7.5,,16,,-0.8,,207,,2,,209,,0,,,,,
-125.77,49.08,TOFINO A,1038205,May-02,2002,5,12.9,,5.2,,9.1,,17.2,,0,,106.9,,0,,106.9,,0,,,,,
-125.77,49.08,TOFINO A,1038205,Jun-02,2002,6,,,,,,,,,,,,,,,,,,,,,,
-125.77,49.08,TOFINO A,1038205,Jul-02,2002,7,19.1,,10.5,,14.8,,28.6,,6.3,,53.4,,0,,53.4,,0,,,,,
-125.77,49.08,TOFINO A,1038205,Aug-02,2002,8,19.2,,10.3,,14.8,,27.2,,7,,83.4,,0,,83.4,,0,,,,,
-125.77,49.08,TOFINO A,1038205,Sep-02,2002,9,17.4,,8.9,,13.2,,22.2,,3.5,,137.3,,0,,137.3,,0,,,,,
-125.77,49.08,TOFINO A,1038205,Oct-02,2002,10,13.3,,6.4,,9.9,,19.5,,-2,,81.4,,0,,81.4,,0,,,,,
-125.77,49.08,TOFINO A,1038205,Nov-02,2002,11,11.6,,5.6,,8.6,,14.6,,-2.8,,612.8,,0,,612.8,,0,,,,,
-125.77,49.08,TOFINO A,1038205,Dec-02,2002,12,9,,3.3,,6.2,,13.4,,-3.1,,396.1,,0,,396.1,,0,,,,,
-125.77,49.08,TOFINO A,1038205,Jan-03,2003,1,10.5,,4.8,,7.7,,12.5,,-1.3,,428.3,,0,,428.3,,0,,,,,
-125.77,49.08,TOFINO A,1038205,Feb-03,2003,2,9.3,,1.4,,5.4,,11.3,S,-2.8,,111.1,,0,,111.1,,0,,,,,
-125.77,49.08,TOFINO A,1038205,Mar-03,2003,3,9.7,,3.9,,6.8,,12.8,,-1,,460.9,,0,T,460.9,,0,,,,,
-125.77,49.08,TOFINO A,1038205,Apr-03,2003,4,10.8,,4,,7.4,,20.3,,-1.2,,426.2,,0,T,426.2,,0,,,,,
-125.77,49.08,TOFINO A,1038205,May-03,2003,5,13.8,,6.3,,10,,19.2,,0.8,,155.6,,0,,155.6,,0,,,,,
-125.77,49.08,TOFINO A,1038205,Jun-03,2003,6,18.8,,9.2,,14,,30.9,,5.2,,54,,0,,54,,0,,,,,
-125.77,49.08,TOFINO A,1038205,Jul-03,2003,7,19.3,,10.9,,15.1,,27.9,,6.3,,92.4,,0,,92.4,,0,,,,,
-125.77,49.08,TOFINO A,1038205,Aug-03,2003,8,19.1,,10.9,,15,,24.5,,7.2,,26.8,,0,,26.8,,0,,,,,
-125.77,49.08,TOFINO A,1038205,Sep-03,2003,9,18.4,,9.8,,14.1,,27.4,,4.9,,166,,0,,166,,0,,,,,
-125.77,49.08,TOFINO A,1038205,Oct-03,2003,10,14.3,,8.3,,11.3,,19.9,,-2.8,,497.6,,0,,497.6,,0,,,,,
-125.77,49.08,TOFINO A,1038205,Nov-03,2003,11,9.5,,1.7,,5.6,,14,,-3.6,,351.2,,0,T,351.2,,0,,,,,
-125.77,49.08,TOFINO A,1038205,Dec-03,2003,12,9,,2.8,,5.9,,15.6,,-2.4,,455.5,,6,,461.5,,2,,,,,
-125.77,49.08,TOFINO A,1038205,Jan-04,2004,1,7.9,,3.6,,5.8,,13,,-8.7,,413.7,,9.8,,423.5,,0,,,,,
-125.77,49.08,TOFINO A,1038205,Feb-04,2004,2,10.3,,3.2,,6.8,,13.1,,-0.8,,159.6,,0,,159.6,,0,,,,,
-125.77,49.08,TOFINO A,1038205,Mar-04,2004,3,10.9,,4,,7.5,,18.7,,-0.7,,383.2,,0,,383.2,,0,,,,,
-125.77,49.08,TOFINO A,1038205,Apr-04,2004,4,14.5,,4.4,,9.5,,21.5,,-0.7,,68.8,,0,,68.8,,0,,,,,
-125.77,49.08,TOFINO A,1038205,May-04,2004,5,15.7,,7.5,,11.6,,20,S,4.6,S,79.5,,0,,79.5,,0,,,,,
-125.77,49.08,TOFINO A,1038205,Jun-04,2004,6,18.6,,9.5,,14.1,,28.2,,4.8,,97,,0,,97,,0,,,,,
-125.77,49.08,TOFINO A,1038205,Jul-04,2004,7,20.7,,12.1,,16.4,,31.3,,8.8,,56.4,,0,,56.4,,0,,,,,
-125.77,49.08,TOFINO A,1038205,Aug-04,2004,8,20.2,,12.6,,16.4,,27.3,,9.5,S,148.6,,0,,148.6,,0,,,,,
-125.77,49.08,TOFINO A,1038205,Sep-04,2004,9,17.5,,9.4,,13.5,,21.7,,5.5,,210.4,,0,,210.4,,0,,,,,
-125.77,49.08,TOFINO A,1038205,Oct-04,2004,10,14.1,,7.1,,10.6,,21.9,,0.5,,331.8,,0,,331.8,,0,,,,,
-125.77,49.08,TOFINO A,1038205,Nov-04,2004,11,10.5,,5.1,,7.8,,14.1,,-1.4,,714.6,,0,,714.6,,0,,,,,
-125.77,49.08,TOFINO A,1038205,Dec-04,2004,12,9,,3.6,,6.3,,14.5,,-1.4,S,366.1,,0,,366.1,,0,,,,,
-125.77,49.08,TOFINO A,1038205,Jan-05,2005,1,8.8,,3,,5.9,,15.2,,-4.6,,897,,0,T,897,,0,,,,,
-125.77,49.08,TOFINO A,1038205,Feb-05,2005,2,9.7,,0.4,,5.1,,14.3,,-3.4,,151.2,,3,,154.2,,0,,,,,
-125.77,49.08,TOFINO A,1038205,Mar-05,2005,3,11.6,,4.3,,8,,16.4,,-0.8,,402.4,,0,,402.4,,0,,,,,
-125.77,49.08,TOFINO A,1038205,Apr-05,2005,4,12.2,,4.9,,8.5,,20.6,,0.2,,465.7,,0,T,465.7,,0,,,,,
-125.77,49.08,TOFINO A,1038205,May-05,2005,5,16.2,,9,,12.6,,28.2,,5.5,,180.4,,0,,180.4,,0,,,,,
-125.77,49.08,TOFINO A,1038205,Jun-05,2005,6,17.6,,9.8,,13.7,,24.2,,5.4,,55.6,,0,,55.6,,0,,,,,
-125.77,49.08,TOFINO A,1038205,Jul-05,2005,7,19,,11.4,,15.2,,24.9,,8.1,,228.6,,0,,228.6,,0,,,,,
-125.77,49.08,TOFINO A,1038205,Aug-05,2005,8,19,,11.4,,15.3,,25.3,S,9,,76.4,,0,,76.4,,0,,,,,
-125.77,49.08,TOFINO A,1038205,Sep-05,2005,9,17.2,,9,,13.1,,21.6,,4.8,S,179.1,,0,,179.1,,0,,,,,
-125.77,49.08,TOFINO A,1038205,Oct-05,2005,10,13.6,,8.1,,10.9,,17.2,,3.8,,513.6,,0,,513.6,,0,,,,,
-125.77,49.08,TOFINO A,1038205,Nov-05,2005,11,8.8,,3.4,,6.1,,13.6,,-2,,431.8,,0,,431.8,,0,,,,,
-125.77,49.08,TOFINO A,1038205,Dec-05,2005,12,9.2,,2.5,,5.9,,13.4,,-2.9,,343.1,,0,,343.1,,0,,,,,
-125.77,49.08,TOFINO A,1038205,Jan-06,2006,1,8.9,,3.2,,6.1,,14.4,,0,,617.5,,0,T,617.5,,0,,,,,
-125.77,49.08,TOFINO A,1038205,Feb-06,2006,2,9.3,,0.7,,5,,18.8,,-4.4,,211.9,,0,,211.9,,0,,,,,
-125.77,49.08,TOFINO A,1038205,Mar-06,2006,3,9.3,,2.2,,5.8,,13.8,,-2.1,S,393.6,,5,,398.6,,0,,,,,
-125.77,49.08,TOFINO A,1038205,Apr-06,2006,4,11.7,,4.4,,8.1,,19.7,,0.8,,195,,0,T,195,,0,,,,,
-125.77,49.08,TOFINO A,1038205,May-06,2006,5,15.3,,7,,11.2,,20.7,,1.1,,77.1,,0,,77.1,,0,,,,,
-125.77,49.08,TOFINO A,1038205,Jun-06,2006,6,18.4,,9.9,,14.2,,28.9,,4.9,,71,,0,,71,,0,,,,,
-125.77,49.08,TOFINO A,1038205,Jul-06,2006,7,19.4,,11.3,,15.4,,31.6,,7.5,,46.6,,0,,46.6,,0,,,,,
-125.77,49.08,TOFINO A,1038205,Aug-06,2006,8,18.7,,9.8,,14.3,,23.6,,7.2,,5.6,,0,,5.6,,0,,,,,
-125.77,49.08,TOFINO A,1038205,Sep-06,2006,9,,,,,,,,,,,,,,,,,,,,,,
-125.77,49.08,TOFINO A,1038205,Oct-06,2006,10,13.7,,5.8,,9.8,,19.6,,-2.9,,159.1,,0,,159.1,,0,,,,,
-125.77,49.08,TOFINO A,1038205,Nov-06,2006,11,9.2,,3,,6.1,,15.3,,-3.5,S,654,,23.6,,677.4,,7,,,,,
-125.77,49.08,TOFINO A,1038205,Dec-06,2006,12,8.3,,2.5,,5.4,,12.7,,-3.1,,560.5,,15.5,,576,,0,,,,,
-125.77,49.08,TOFINO A,1038205,Jan-07,2007,1,7.8,,1.2,,4.5,,11.3,,-5.1,,723.1,,13.8,,736.9,,0,,,,,
-125.77,49.08,TOFINO A,1038205,Feb-07,2007,2,8.5,,3.3,,5.9,,14.4,,-2.1,,398.5,,16.4,,414.9,,0,,,,,
