"","Longitude..x.","Latitude..y.","Station.Name","Climate.ID","Date.Time","Year","Month","Mean.Max.Temp...C.","Mean.Max.Temp.Flag","Mean.Min.Temp...C.","Mean.Min.Temp.Flag","Mean.Temp...C.","Mean.Temp.Flag","Extr.Max.Temp...C.","Extr.Max.Temp.Flag","Extr.Min.Temp...C.","Extr.Min.Temp.Flag","Total.Rain..mm.","Total.Rain.Flag","Total.Snow..cm.","Total.Snow.Flag","Total.Precip..mm.","Total.Precip.Flag","Snow.Grnd.Last.Day..cm.","Snow.Grnd.Last.Day.Flag","Dir.of.Max.Gust..10.s.deg.","Dir.of.Max.Gust.Flag","Spd.of.Max.Gust..km.h.","Spd.of.Max.Gust.Flag"
"1",-75.7,44.6,"BROCKVILLE",6100969,"1970-01",1970,1,-7.8,"",-19.1,"",-13.5,"",6.7,"",-31.1,"",2.8,"",54.1,"",56.9,"",36,"",NA,NA,NA,NA
"2",-75.7,44.6,"BROCKVILLE",6100969,"1970-02",1970,2,-3.7,"",-13.7,"",-8.7,"",7.8,"",-31.7,"",18.3,"",59.9,"",78.2,"",33,"",NA,NA,NA,NA
"3",-75.7,44.6,"BROCKVILLE",6100969,"1970-03",1970,3,2,"",-7.2,"",-2.6,"",11.1,"",-17.8,"",36.6,"",15.7,"",52.3,"",NA,"M",NA,NA,NA,NA
"4",-75.7,44.6,"BROCKVILLE",6100969,"1970-04",1970,4,12.4,"",1.2,"",6.8,"",29.4,"",-8.9,"",42.9,"",25.9,"",68.8,"",0,"",NA,NA,NA,NA
"5",-75.7,44.6,"BROCKVILLE",6100969,"1970-05",1970,5,18.1,"",7.4,"",12.8,"",30,"",-1.7,"",72.9,"",0,"T",72.9,"",0,"",NA,NA,NA,NA
"6",-75.7,44.6,"BROCKVILLE",6100969,"1970-06",1970,6,23.6,"",12.1,"",17.9,"",28.9,"",7.2,"S",68.8,"",0,"",68.8,"",0,"",NA,NA,NA,NA
"7",-75.7,44.6,"BROCKVILLE",6100969,"1970-07",1970,7,25.8,"",15.3,"",20.6,"",30.6,"S",9.4,"",191,"",0,"",191,"",0,"",NA,NA,NA,NA
"8",-75.7,44.6,"BROCKVILLE",6100969,"1970-08",1970,8,25.8,"",14.8,"",20.3,"",31.1,"",7.8,"",88.1,"",0,"",88.1,"",0,"",NA,NA,NA,NA
"9",-75.7,44.6,"BROCKVILLE",6100969,"1970-09",1970,9,20.5,"",11.3,"",15.9,"",27.2,"S",5.6,"S",88.6,"",0,"",88.6,"",0,"",NA,NA,NA,NA
"10",-75.7,44.6,"BROCKVILLE",6100969,"1970-10",1970,10,15.6,"",6.1,"",10.9,"",26.7,"",-5,"",60.7,"",0.3,"",61,"",0,"",NA,NA,NA,NA
"11",-75.7,44.6,"BROCKVILLE",6100969,"1970-11",1970,11,7.3,"",0.8,"",4.1,"",17.2,"",-10,"",101.1,"",8.4,"",109.5,"",0,"",NA,NA,NA,NA
"12",-75.7,44.6,"BROCKVILLE",6100969,"1970-12",1970,12,-5.3,"",-13.5,"",-9.4,"",11.1,"",-25,"",2.3,"",95,"",97.3,"",48,"",NA,NA,NA,NA
"13",-75.7,44.6,"BROCKVILLE",6100969,"1971-01",1971,1,-6.5,"",-16.5,"",-11.5,"",5,"",-31.7,"",3.8,"",38.6,"",42.4,"",43,"",NA,NA,NA,NA
"14",-75.7,44.6,"BROCKVILLE",6100969,"1971-02",1971,2,-2.2,"",-11.5,"",-6.9,"",7.8,"",-31.1,"",34.5,"",86.4,"",120.9,"",58,"",NA,NA,NA,NA
"15",-75.7,44.6,"BROCKVILLE",6100969,"1971-03",1971,3,1.2,"",-8.4,"",-3.6,"",11.1,"",-17.2,"",0,"T",67.3,"",67.3,"",46,"",NA,NA,NA,NA
"16",-75.7,44.6,"BROCKVILLE",6100969,"1971-04",1971,4,9.4,"",-1.2,"",4.1,"",18.3,"",-8.3,"S",47.8,"",6.1,"",53.8,"",0,"",NA,NA,NA,NA
"17",-75.7,44.6,"BROCKVILLE",6100969,"1971-05",1971,5,18.6,"",6.9,"",12.8,"",28.9,"",1.7,"",49.3,"",0,"",49.3,"",0,"",NA,NA,NA,NA
"18",-75.7,44.6,"BROCKVILLE",6100969,"1971-06",1971,6,24.1,"",11.8,"",18,"",30,"S",3.9,"",70.1,"",0,"",70.1,"",0,"",NA,NA,NA,NA
"19",-75.7,44.6,"BROCKVILLE",6100969,"1971-07",1971,7,24.8,"",14,"",19.4,"",29.4,"",8.9,"S",98.6,"E",0,"",98.6,"E",0,"",NA,NA,NA,NA
"20",-75.7,44.6,"BROCKVILLE",6100969,"1971-08",1971,8,24.6,"",13.7,"",19.2,"",30.6,"",5,"S",75.2,"",0,"",75.2,"",0,"",NA,NA,NA,NA
"21",-75.7,44.6,"BROCKVILLE",6100969,"1971-09",1971,9,22.3,"",12.9,"",17.6,"",29.4,"",5,"",98.6,"",0,"",98.6,"",0,"",NA,NA,NA,NA
"22",-75.7,44.6,"BROCKVILLE",6100969,"1971-10",1971,10,17.2,"",7.8,"",12.5,"",25,"",0.6,"",45.7,"",0,"",45.7,"",0,"",NA,NA,NA,NA
"23",-75.7,44.6,"BROCKVILLE",6100969,"1971-11",1971,11,4.8,"",-1.6,"",1.6,"",22.2,"",-11.7,"",21.8,"",36.1,"",57.9,"",10,"",NA,NA,NA,NA
"24",-75.7,44.6,"BROCKVILLE",6100969,"1971-12",1971,12,0.4,"",-8.6,"",-4.1,"",11.7,"",-21.7,"",63,"",29.2,"",92.2,"",13,"",NA,NA,NA,NA
"25",-75.7,44.6,"BROCKVILLE",6100969,"1972-01",1972,1,-0.9,"",-11.6,"",-6.3,"",11.7,"",-27.8,"",22.6,"",51.8,"",74.4,"",5,"",NA,NA,NA,NA
"26",-75.7,44.6,"BROCKVILLE",6100969,"1972-02",1972,2,-5,"",-15.2,"",-10.1,"",5.6,"",-33.3,"",19.3,"",85.3,"",104.6,"",36,"",NA,NA,NA,NA
"27",-75.7,44.6,"BROCKVILLE",6100969,"1972-03",1972,3,-0.1,"",-8.4,"",-4.3,"",7.8,"",-21.1,"",29.7,"",45,"",74.7,"",30,"",NA,NA,NA,NA
"28",-75.7,44.6,"BROCKVILLE",6100969,"1972-04",1972,4,7.8,"",-1.9,"",3,"",20.6,"",-14.4,"",42.7,"",6.9,"",49.5,"",0,"",NA,NA,NA,NA
"29",-75.7,44.6,"BROCKVILLE",6100969,"1972-05",1972,5,19.7,"",7.9,"",13.8,"",27.8,"",0,"",102.4,"",0,"",102.4,"",0,"",NA,NA,NA,NA
"30",-75.7,44.6,"BROCKVILLE",6100969,"1972-06",1972,6,21.8,"",12.4,"",17.1,"",29.4,"",1.7,"",104.1,"",0,"",104.1,"",0,"",NA,NA,NA,NA
"31",-75.7,44.6,"BROCKVILLE",6100969,"1972-07",1972,7,25.6,"",14.9,"",20.3,"",31.1,"",8.9,"S",106.4,"",0,"",106.4,"",0,"",NA,NA,NA,NA
"32",-75.7,44.6,"BROCKVILLE",6100969,"1972-08",1972,8,23.7,"",13.6,"",18.7,"",28.9,"",6.7,"",85.1,"",0,"",85.1,"",0,"",NA,NA,NA,NA
"33",-75.7,44.6,"BROCKVILLE",6100969,"1972-09",1972,9,20.6,"",11.2,"",15.9,"",28.3,"S",1.1,"",77.5,"",0,"",77.5,"",0,"",NA,NA,NA,NA
"34",-75.7,44.6,"BROCKVILLE",6100969,"1972-10",1972,10,11.1,"",2.1,"",6.6,"",23.9,"",-7.8,"",132.1,"",0,"",132.1,"",0,"",NA,NA,NA,NA
"35",-75.7,44.6,"BROCKVILLE",6100969,"1972-11",1972,11,3.7,"",-1.9,"",0.9,"",11.1,"",-15,"S",92.2,"",18.3,"",110.5,"",NA,"M",NA,NA,NA,NA
"36",-75.7,44.6,"BROCKVILLE",6100969,"1972-12",1972,12,-1.7,"",-10.3,"",-6,"",11.1,"",-20.6,"",56.6,"",88.6,"",145.3,"",38,"",NA,NA,NA,NA
"37",-75.7,44.6,"BROCKVILLE",6100969,"1973-01",1973,1,-1.8,"",-9.8,"",-5.8,"",9.4,"S",-28.3,"",24.1,"",33.8,"",57.9,"",15,"",NA,NA,NA,NA
"38",-75.7,44.6,"BROCKVILLE",6100969,"1973-02",1973,2,-3.8,"",-14.2,"",-9,"",9.4,"",-26.7,"",30.2,"",24.9,"",55.1,"",10,"",NA,NA,NA,NA
"39",-75.7,44.6,"BROCKVILLE",6100969,"1973-03",1973,3,7.6,"",-0.4,"",3.6,"",17.2,"",-6.1,"S",69.9,"",4.6,"",74.4,"",NA,"M",NA,NA,NA,NA
"40",-75.7,44.6,"BROCKVILLE",6100969,"1973-04",1973,4,11.3,"",1.8,"",6.6,"",24.4,"S",-6.7,"",117.1,"",9.7,"",126.7,"",0,"",NA,NA,NA,NA
"41",-75.7,44.6,"BROCKVILLE",6100969,"1973-05",1973,5,16.6,"",7.4,"",12,"",22.8,"S",1.7,"",117.3,"",0,"",117.3,"",0,"",NA,NA,NA,NA
"42",-75.7,44.6,"BROCKVILLE",6100969,"1973-06",1973,6,24.2,"",14.3,"",19.3,"",29.4,"",4.4,"",77.5,"",0,"",77.5,"",0,"",NA,NA,NA,NA
"43",-75.7,44.6,"BROCKVILLE",6100969,"1973-07",1973,7,26.9,"",15.6,"",21.3,"",30.6,"S",9.4,"",39.4,"",0,"",39.4,"",0,"",NA,NA,NA,NA
"44",-75.7,44.6,"BROCKVILLE",6100969,"1973-08",1973,8,27.6,"",16.9,"",22.3,"",32.2,"",6.7,"",65,"",0,"",65,"",0,"",NA,NA,NA,NA
"45",-75.7,44.6,"BROCKVILLE",6100969,"1973-09",1973,9,20.6,"",10.3,"",15.5,"",32.8,"",-0.6,"",94.5,"",0,"",94.5,"",0,"",NA,NA,NA,NA
"46",-75.7,44.6,"BROCKVILLE",6100969,"1973-10",1973,10,15.8,"",5.7,"",10.8,"",23.9,"",-1.1,"",97,"",0,"",97,"",0,"",NA,NA,NA,NA
"47",-75.7,44.6,"BROCKVILLE",6100969,"1973-11",1973,11,6.2,"",-1.1,"",2.6,"",15,"",-7.8,"",66.8,"",3,"",69.9,"",NA,"M",NA,NA,NA,NA
"48",-75.7,44.6,"BROCKVILLE",6100969,"1973-12",1973,12,-1.2,"",-8.5,"",-4.9,"",13.3,"",-26.1,"",35.3,"",75.7,"",111,"",28,"",NA,NA,NA,NA
"49",-75.7,44.6,"BROCKVILLE",6100969,"1974-01",1974,1,-3.4,"",-11.2,"",-7.3,"",9.4,"",-26.7,"",23.9,"",29.5,"",53.3,"",NA,"M",NA,NA,NA,NA
"50",-75.7,44.6,"BROCKVILLE",6100969,"1974-02",1974,2,-4,"",-13.1,"",-8.6,"",8.9,"",-21.7,"",23.6,"",31,"",54.6,"",0,"T",NA,NA,NA,NA
"51",-75.7,44.6,"BROCKVILLE",6100969,"1974-03",1974,3,1.9,"",-6.8,"",-2.5,"",16.7,"",-15.6,"",33,"",67.6,"",100.6,"",28,"",NA,NA,NA,NA
"52",-75.7,44.6,"BROCKVILLE",6100969,"1974-04",1974,4,11.9,"",0.8,"",6.4,"",25.6,"",-7.8,"",77.2,"",13.2,"",90.4,"",NA,"M",NA,NA,NA,NA
"53",-75.7,44.6,"BROCKVILLE",6100969,"1974-05",1974,5,16.2,"",5.7,"",11,"",26.7,"",-3.9,"",91.7,"",0,"",91.7,"",0,"",NA,NA,NA,NA
"54",-75.7,44.6,"BROCKVILLE",6100969,"1974-06",1974,6,23.2,"",13.1,"",18.2,"",30,"",7.2,"",59.9,"",0,"",59.9,"",0,"",NA,NA,NA,NA
"55",-75.7,44.6,"BROCKVILLE",6100969,"1974-07",1974,7,25.6,"",15.5,"",20.6,"",30.6,"S",10,"",73.4,"",0,"",73.4,"",0,"",NA,NA,NA,NA
"56",-75.7,44.6,"BROCKVILLE",6100969,"1974-08",1974,8,25.6,"",14.5,"",20.1,"",30,"",9.4,"",73.9,"",0,"",73.9,"",0,"",NA,NA,NA,NA
"57",-75.7,44.6,"BROCKVILLE",6100969,"1974-09",1974,9,18.8,"",9.1,"",14,"",25.6,"",0.6,"",65.5,"",0,"",65.5,"",0,"",NA,NA,NA,NA
"58",-75.7,44.6,"BROCKVILLE",6100969,"1974-10",1974,10,12.2,"",1.8,"",7,"",20.6,"",-5.6,"",26.7,"",4.6,"",31.2,"",NA,"M",NA,NA,NA,NA
"59",-75.7,44.6,"BROCKVILLE",6100969,"1974-11",1974,11,5.5,"",-1.4,"",2.1,"",17.2,"",-11.1,"",94.2,"",16.3,"",110.5,"",3,"",NA,NA,NA,NA
"60",-75.7,44.6,"BROCKVILLE",6100969,"1974-12",1974,12,0.8,"",-5.1,"",-2.2,"",10.6,"S",-21.1,"",57.4,"",42.4,"",99.8,"",13,"",NA,NA,NA,NA
"61",-75.7,44.6,"BROCKVILLE",6100969,"1975-01",1975,1,-0.9,"",-10.9,"",-5.9,"",14.4,"",-26.1,"",28.4,"",44.7,"",73.2,"",18,"",NA,NA,NA,NA
"62",-75.7,44.6,"BROCKVILLE",6100969,"1975-02",1975,2,-1.6,"",-9.8,"",-5.7,"",8.3,"",-23.9,"",13,"",39.9,"",52.8,"",15,"",NA,NA,NA,NA
"63",-75.7,44.6,"BROCKVILLE",6100969,"1975-03",1975,3,1.1,"",-7.3,"",-3.1,"",11.1,"",-20.6,"",66,"",25.9,"",91.9,"",3,"",NA,NA,NA,NA
"64",-75.7,44.6,"BROCKVILLE",6100969,"1975-04",1975,4,8.4,"",-1.3,"",3.6,"",18.3,"S",-7.2,"",21.3,"",38.1,"",59.4,"",0,"",NA,NA,NA,NA
"65",-75.7,44.6,"BROCKVILLE",6100969,"1975-05",1975,5,22.9,"",9,"",16,"",32.2,"",-1.7,"",52.8,"",0,"",52.8,"",0,"",NA,NA,NA,NA
"66",-75.7,44.6,"BROCKVILLE",6100969,"1975-06",1975,6,24.6,"",13.6,"",19.1,"",29.4,"S",7.2,"S",54.4,"",0,"",54.4,"",0,"",NA,NA,NA,NA
"67",-75.7,44.6,"BROCKVILLE",6100969,"1975-07",1975,7,27.9,"",17.2,"",22.6,"",32.8,"",11.1,"",101.3,"",0,"",101.3,"",0,"",NA,NA,NA,NA
"68",-75.7,44.6,"BROCKVILLE",6100969,"1975-08",1975,8,26.6,"",15.2,"",20.9,"",34.4,"",7.2,"",23.6,"",0,"",23.6,"",0,"",NA,NA,NA,NA
"69",-75.7,44.6,"BROCKVILLE",6100969,"1975-09",1975,9,18.7,"",9.6,"",14.2,"",27.2,"",2.2,"",133.6,"",0,"",133.6,"",0,"",NA,NA,NA,NA
"70",-75.7,44.6,"BROCKVILLE",6100969,"1975-10",1975,10,15.1,"",6.2,"",10.7,"",23.9,"",-6.1,"",69.9,"",0,"",69.9,"",0,"",NA,NA,NA,NA
"71",-75.7,44.6,"BROCKVILLE",6100969,"1975-11",1975,11,9.6,"",1.6,"",5.6,"",21.7,"",-9.4,"",61.5,"",20.1,"",81.5,"",3,"",NA,NA,NA,NA
"72",-75.7,44.6,"BROCKVILLE",6100969,"1975-12",1975,12,-2.4,"",-12.2,"",-7.3,"",12.8,"",-28.9,"",38.4,"",64.5,"",102.9,"",28,"",NA,NA,NA,NA
"73",-75.7,44.6,"BROCKVILLE",6100969,"1976-01",1976,1,-6.4,"",-17.8,"",-12.1,"",7.2,"",-31.7,"",5.3,"",69.6,"",74.9,"",46,"",NA,NA,NA,NA
"74",-75.7,44.6,"BROCKVILLE",6100969,"1976-02",1976,2,1.7,"",-9.2,"",-3.8,"",11.7,"S",-25.6,"",5.6,"",53.3,"",58.9,"",28,"",NA,NA,NA,NA
"75",-75.7,44.6,"BROCKVILLE",6100969,"1976-03",1976,3,4.4,"",-5.7,"",-0.7,"",21.7,"",-18.9,"",55.9,"",52.6,"",108.5,"",NA,"M",NA,NA,NA,NA
"76",-75.7,44.6,"BROCKVILLE",6100969,"1976-04",1976,4,13.3,"",2.9,"",8.1,"",27.8,"",-8.3,"",27.4,"",5.8,"",33.3,"",0,"",NA,NA,NA,NA
"77",-75.7,44.6,"BROCKVILLE",6100969,"1976-05",1976,5,16.8,"",6.6,"",11.7,"",25.6,"",0.6,"",105.4,"",4.6,"",110,"",0,"",NA,NA,NA,NA
"78",-75.7,44.6,"BROCKVILLE",6100969,"1976-06",1976,6,25.5,"",14.1,"",19.8,"",29.4,"S",5.6,"",90.9,"",0,"",90.9,"",0,"",NA,NA,NA,NA
"79",-75.7,44.6,"BROCKVILLE",6100969,"1976-07",1976,7,24.1,"",15.1,"",19.6,"",29.4,"",10,"",86.6,"",0,"",86.6,"",0,"",NA,NA,NA,NA
"80",-75.7,44.6,"BROCKVILLE",6100969,"1976-08",1976,8,24.1,"",13.5,"",18.8,"",30,"",3.9,"",75.4,"",0,"",75.4,"",0,"",NA,NA,NA,NA
"81",-75.7,44.6,"BROCKVILLE",6100969,"1976-09",1976,9,19.1,"",9.8,"",14.5,"",27.2,"S",2.8,"S",73.2,"",0,"",73.2,"",0,"",NA,NA,NA,NA
"82",-75.7,44.6,"BROCKVILLE",6100969,"1976-10",1976,10,11.1,"",2.3,"",6.7,"",23.9,"",-5.6,"",96.3,"",1.5,"",97.8,"",0,"",NA,NA,NA,NA
"83",-75.7,44.6,"BROCKVILLE",6100969,"1976-11",1976,11,4,"",-2.6,"",0.7,"",15,"",-11.1,"",18.8,"",54.4,"",73.2,"",36,"",NA,NA,NA,NA
"84",-75.7,44.6,"BROCKVILLE",6100969,"1976-12",1976,12,-4.7,"",-14.5,"",-9.6,"",5.6,"",-26.7,"",3.6,"",64.5,"",68.1,"",28,"",NA,NA,NA,NA
"85",-75.7,44.6,"BROCKVILLE",6100969,"1977-01",1977,1,-7.9,"",-15.7,"",-11.8,"",0,"",-27.8,"",0,"",66.7,"",66.7,"",53,"",NA,NA,NA,NA
"86",-75.7,44.6,"BROCKVILLE",6100969,"1977-02",1977,2,-2,"",-10,"",-6,"",12.2,"",-20.6,"",9.1,"",25.8,"",34.9,"",38,"",NA,NA,NA,NA
"87",-75.7,44.6,"BROCKVILLE",6100969,"1977-03",1977,3,7.2,"",-1.4,"",2.9,"",26.1,"",-10,"",66.7,"",48,"",114.7,"",NA,"M",NA,NA,NA,NA
"88",-75.7,44.6,"BROCKVILLE",6100969,"1977-04",1977,4,13,"",1.8,"",7.4,"",25.6,"",-10,"",48.3,"",9.6,"",57.9,"",0,"",NA,NA,NA,NA
"89",-75.7,44.6,"BROCKVILLE",6100969,"1977-05",1977,5,21.5,"",7.8,"",14.7,"",30,"",0,"S",37.4,"",0,"",37.4,"",0,"",NA,NA,NA,NA
"90",-75.7,44.6,"BROCKVILLE",6100969,"1977-06",1977,6,22.2,"",11.9,"",17.1,"",31,"",4,"",37.2,"",0,"",37.2,"",0,"",NA,NA,NA,NA
"91",-75.7,44.6,"BROCKVILLE",6100969,"1977-07",1977,7,27.1,"",15.8,"",21.5,"",33,"S",8,"",82.4,"",0,"",82.4,"",0,"",NA,NA,NA,NA
"92",-75.7,44.6,"BROCKVILLE",6100969,"1977-08",1977,8,24,"",14.6,"",19.3,"",31.5,"",8.5,"",138.8,"",0,"",138.8,"",0,"",NA,NA,NA,NA
"93",-75.7,44.6,"BROCKVILLE",6100969,"1977-09",1977,9,18.8,"",11.4,"",15.1,"",28,"",4.5,"",135.8,"",0,"",135.8,"",0,"",NA,NA,NA,NA
"94",-75.7,44.6,"BROCKVILLE",6100969,"1977-10",1977,10,12.8,"",3.5,"",8.2,"",19.5,"",-2.5,"",90.6,"",0,"",90.6,"",0,"",NA,NA,NA,NA
"95",-75.7,44.6,"BROCKVILLE",6100969,"1977-11",1977,11,7.1,"",0.1,"",3.6,"",19.5,"",-17,"",119.8,"",38.6,"",158.4,"",21,"",NA,NA,NA,NA
"96",-75.7,44.6,"BROCKVILLE",6100969,"1977-12",1977,12,-2.3,"",-9.4,"",-5.9,"",9,"",-27,"",18.6,"",101.8,"",120.4,"",44,"",NA,NA,NA,NA
"97",-75.7,44.6,"BROCKVILLE",6100969,"1978-01",1978,1,-6.2,"",-15.1,"",-10.7,"",7.5,"",-26.5,"",39.8,"",108.8,"",148.6,"",71,"",NA,NA,NA,NA
"98",-75.7,44.6,"BROCKVILLE",6100969,"1978-02",1978,2,-5.5,"",-16.3,"",-10.9,"",0,"",-30,"",0,"",14,"",14,"",60,"",NA,NA,NA,NA
"99",-75.7,44.6,"BROCKVILLE",6100969,"1978-03",1978,3,0.9,"",-8.1,"",-3.6,"",8.5,"",-18,"",40.8,"E",17.2,"",58,"E",24,"",NA,NA,NA,NA
"100",-75.7,44.6,"BROCKVILLE",6100969,"1978-04",1978,4,9.1,"",-0.5,"",4.3,"",17.5,"",-8,"",85.9,"",0,"",85.9,"",NA,"M",NA,NA,NA,NA
"101",-75.7,44.6,"BROCKVILLE",6100969,"1978-05",1978,5,20.8,"",8.8,"",14.8,"",32,"",-2,"",55.3,"",0,"",55.3,"",0,"",NA,NA,NA,NA
"102",-75.7,44.6,"BROCKVILLE",6100969,"1978-06",1978,6,23.5,"",11.9,"",17.7,"",30.5,"",4.5,"S",91,"",0,"",91,"",0,"",NA,NA,NA,NA
"103",-75.7,44.6,"BROCKVILLE",6100969,"1978-07",1978,7,27.5,"",14.5,"",21,"",33,"",6.5,"S",33.4,"",0,"",33.4,"",0,"",NA,NA,NA,NA
"104",-75.7,44.6,"BROCKVILLE",6100969,"1978-08",1978,8,25.1,"",14.2,"",19.7,"",31.5,"",8,"S",144.8,"",0,"",144.8,"",0,"",NA,NA,NA,NA
"105",-75.7,44.6,"BROCKVILLE",6100969,"1978-09",1978,9,18.7,"",7.5,"",13.1,"",26.5,"",-1,"S",62,"",0,"",62,"",0,"",NA,NA,NA,NA
"106",-75.7,44.6,"BROCKVILLE",6100969,"1978-10",1978,10,11.7,"",3.7,"",7.7,"",23.5,"",-6.5,"",119.6,"",0,"",119.6,"",0,"",NA,NA,NA,NA
"107",-75.7,44.6,"BROCKVILLE",6100969,"1978-11",1978,11,5.9,"",-3,"",1.5,"",17,"",-14,"",61.2,"",13.2,"",74.4,"",8,"",NA,NA,NA,NA
"108",-75.7,44.6,"BROCKVILLE",6100969,"1978-12",1978,12,-0.6,"",-9.2,"",-4.9,"",7,"",-20,"",34.8,"",38.4,"",73.2,"",17,"",NA,NA,NA,NA
"109",-75.7,44.6,"BROCKVILLE",6100969,"1979-01",1979,1,-5.3,"",-12.5,"",-8.9,"",9,"",-27,"",31.8,"",108.2,"",140,"",35,"",NA,NA,NA,NA
"110",-75.7,44.6,"BROCKVILLE",6100969,"1979-02",1979,2,-9,"",-18.4,"",-13.7,"",6,"",-33.5,"",6.2,"",19,"",25.2,"",33,"",NA,NA,NA,NA
"111",-75.7,44.6,"BROCKVILLE",6100969,"1979-03",1979,3,6.6,"",-3,"",1.8,"",21,"",-16,"",30.2,"",0,"",30.2,"",NA,"M",NA,NA,NA,NA
"112",-75.7,44.6,"BROCKVILLE",6100969,"1979-04",1979,4,11.7,"",2.1,"",6.9,"",22,"S",-6.5,"",96,"",19.6,"",115.6,"",NA,"M",NA,NA,NA,NA
"113",-75.7,44.6,"BROCKVILLE",6100969,"1979-05",1979,5,18.6,"",8.6,"",13.6,"",29,"",2,"S",82.8,"",0,"",82.8,"",NA,"M",NA,NA,NA,NA
"114",-75.7,44.6,"BROCKVILLE",6100969,"1979-06",1979,6,24,"",12.1,"",18.1,"",30,"",6,"S",34.8,"",0,"",34.8,"",0,"",NA,NA,NA,NA
"115",-75.7,44.6,"BROCKVILLE",6100969,"1979-07",1979,7,28.2,"",14.9,"",21.6,"",33,"S",6,"",87.8,"",0,"",87.8,"",NA,"M",NA,NA,NA,NA
"116",-75.7,44.6,"BROCKVILLE",6100969,"1979-08",1979,8,24.2,"",13.4,"",18.8,"",28,"",5.5,"",93.6,"",0,"",93.6,"",NA,"M",NA,NA,NA,NA
"117",-75.7,44.6,"BROCKVILLE",6100969,"1979-09",1979,9,20.7,"",9.5,"",15.1,"",29.5,"",1,"",185.6,"",0,"",185.6,"",NA,"M",NA,NA,NA,NA
"118",-75.7,44.6,"BROCKVILLE",6100969,"1979-10",1979,10,12.7,"",5.3,"",9,"",26.5,"",-2.5,"",82.2,"",1.8,"",84,"",NA,"M",NA,NA,NA,NA
"119",-75.7,44.6,"BROCKVILLE",6100969,"1979-11",1979,11,9,"",1.9,"",5.5,"",19.5,"S",-9.5,"",107.8,"",0,"",107.8,"",NA,"M",NA,NA,NA,NA
"120",-75.7,44.6,"BROCKVILLE",6100969,"1979-12",1979,12,1.8,"",-6.5,"",-2.4,"",14,"",-19.5,"",59.6,"",18.8,"",78.4,"",NA,"M",NA,NA,NA,NA
"121",-75.7,44.6,"BROCKVILLE",6100969,"1980-01",1980,1,-2.4,"",-10.8,"",-6.6,"",10.5,"",-23,"",38,"",25,"",63,"",9,"",NA,NA,NA,NA
"122",-75.7,44.6,"BROCKVILLE",6100969,"1980-02",1980,2,-4.1,"",-12.9,"",-8.5,"",8.5,"",-24.5,"",1,"",27.4,"",28.4,"",10,"",NA,NA,NA,NA
"123",-75.7,44.6,"BROCKVILLE",6100969,"1980-03",1980,3,3.2,"",-5.7,"",-1.3,"",14,"",-24.5,"",65,"",21.6,"",86.6,"",NA,"M",NA,NA,NA,NA
"124",-75.7,44.6,"BROCKVILLE",6100969,"1980-04",1980,4,12.2,"",2.5,"",7.4,"",20,"",-5,"S",146.2,"",0,"",146.2,"",NA,"M",NA,NA,NA,NA
"125",-75.7,44.6,"BROCKVILLE",6100969,"1980-05",1980,5,19.9,"",7.7,"",13.8,"",28,"S",3,"",36.2,"",0,"",36.2,"",NA,"M",NA,NA,NA,NA
"126",-75.7,44.6,"BROCKVILLE",6100969,"1980-06",1980,6,21.1,"E",10.3,"",15.7,"E",30,"",1.5,"",58.2,"",0,"",58.2,"",NA,"M",NA,NA,NA,NA
"127",-75.7,44.6,"BROCKVILLE",6100969,"1980-07",1980,7,26.6,"",15.3,"",21,"",31,"S",11,"",133,"",0,"",133,"",NA,"M",NA,NA,NA,NA
"128",-75.7,44.6,"BROCKVILLE",6100969,"1980-08",1980,8,26.6,"",15,"",20.8,"",32,"",10,"",100.2,"",0,"",100.2,"",NA,"M",NA,NA,NA,NA
"129",-75.7,44.6,"BROCKVILLE",6100969,"1980-09",1980,9,NA,"M",NA,"M",NA,"M",NA,"M",NA,"M",NA,"M",NA,"M",NA,"M",NA,"M",NA,NA,NA,NA
"130",-75.7,44.6,"BROCKVILLE",6100969,"1980-10",1980,10,NA,"M",NA,"M",NA,"M",NA,"M",NA,"M",NA,"M",NA,"M",NA,"M",NA,"M",NA,NA,NA,NA
"131",-75.7,44.6,"BROCKVILLE",6100969,"1980-11",1980,11,NA,"M",NA,"M",NA,"M",NA,"M",NA,"M",NA,"M",NA,"M",NA,"M",NA,"M",NA,NA,NA,NA
"132",-75.7,44.6,"BROCKVILLE",6100969,"1980-12",1980,12,NA,"M",NA,"M",NA,"M",NA,"M",NA,"M",NA,"M",NA,"M",NA,"M",NA,"M",NA,NA,NA,NA
"133",-76.08,44.52,"LYNDHURST SHAWMERE",6104725,"1976-01",1976,1,NA,"M",NA,"M",NA,"M",NA,"M",NA,"M",NA,"M",NA,"M",NA,"M",NA,"M",NA,NA,NA,NA
"134",-76.08,44.52,"LYNDHURST SHAWMERE",6104725,"1976-02",1976,2,NA,"M",NA,"M",NA,"M",NA,"M",NA,"M",NA,"M",NA,"M",NA,"M",NA,"M",NA,NA,NA,NA
"135",-76.08,44.52,"LYNDHURST SHAWMERE",6104725,"1976-03",1976,3,NA,"M",NA,"M",NA,"M",NA,"M",NA,"M",NA,"M",NA,"M",NA,"M",NA,"M",NA,NA,NA,NA
"136",-76.08,44.52,"LYNDHURST SHAWMERE",6104725,"1976-04",1976,4,NA,"M",NA,"M",NA,"M",NA,"M",NA,"M",NA,"M",NA,"M",NA,"M",NA,"M",NA,NA,NA,NA
"137",-76.08,44.52,"LYNDHURST SHAWMERE",6104725,"1976-05",1976,5,NA,"M",NA,"M",NA,"M",NA,"M",NA,"M",NA,"M",NA,"M",NA,"M",NA,"M",NA,NA,NA,NA
"138",-76.08,44.52,"LYNDHURST SHAWMERE",6104725,"1976-06",1976,6,NA,"M",NA,"M",NA,"M",NA,"M",NA,"M",NA,"M",NA,"M",NA,"M",NA,"M",NA,NA,NA,NA
"139",-76.08,44.52,"LYNDHURST SHAWMERE",6104725,"1976-07",1976,7,NA,"M",NA,"M",NA,"M",28.3,"",8.9,"",NA,"M",NA,"M",NA,"M",0,"",NA,NA,NA,NA
"140",-76.08,44.52,"LYNDHURST SHAWMERE",6104725,"1976-08",1976,8,24.1,"",13.6,"",18.9,"",31.1,"",5,"",47,"",0,"",47,"",0,"",NA,NA,NA,NA
"141",-76.08,44.52,"LYNDHURST SHAWMERE",6104725,"1976-09",1976,9,18.9,"",9.5,"",14.2,"",26.1,"S",2.8,"",63.5,"",0,"",63.5,"",0,"",NA,NA,NA,NA
"142",-76.08,44.52,"LYNDHURST SHAWMERE",6104725,"1976-10",1976,10,11,"",2.4,"",6.7,"",21.7,"S",-6.1,"",96.5,"",0,"T",96.5,"",0,"",NA,NA,NA,NA
"143",-76.08,44.52,"LYNDHURST SHAWMERE",6104725,"1976-11",1976,11,4.1,"",-2.6,"",0.8,"",14.4,"",-10,"",21.3,"",8.4,"",29.7,"",0,"T",NA,NA,NA,NA
"144",-76.08,44.52,"LYNDHURST SHAWMERE",6104725,"1976-12",1976,12,-4.1,"",-15.1,"",-9.6,"",5,"S",-27.8,"",29.5,"",58.9,"",88.4,"",23,"",NA,NA,NA,NA
"145",-76.08,44.52,"LYNDHURST SHAWMERE",6104725,"1977-01",1977,1,-7.6,"",-18.2,"",-12.9,"",-0.6,"",-33.9,"",0,"",79.2,"",79.2,"",NA,"M",NA,NA,NA,NA
"146",-76.08,44.52,"LYNDHURST SHAWMERE",6104725,"1977-02",1977,2,-1.9,"",-11.5,"",-6.7,"",11.1,"",-28.3,"",27.4,"",16.8,"",44.2,"",33,"",NA,NA,NA,NA
"147",-76.08,44.52,"LYNDHURST SHAWMERE",6104725,"1977-03",1977,3,7.3,"",-2.7,"",2.3,"",26.1,"",-10,"",72,"",55.1,"",127.1,"",NA,"M",NA,NA,NA,NA
"148",-76.08,44.52,"LYNDHURST SHAWMERE",6104725,"1977-04",1977,4,13.2,"",0.8,"",7,"",24.4,"",-10,"",70.3,"",7.7,"",78,"",0,"",NA,NA,NA,NA
"149",-76.08,44.52,"LYNDHURST SHAWMERE",6104725,"1977-05",1977,5,21.5,"",7.6,"",14.6,"",29.4,"",-1.1,"",42.6,"",0,"T",42.6,"",0,"",NA,NA,NA,NA
"150",-76.08,44.52,"LYNDHURST SHAWMERE",6104725,"1977-06",1977,6,22.6,"",11.5,"",17.1,"",30,"",3.3,"",27.7,"",0,"",27.7,"",0,"",NA,NA,NA,NA
"151",-76.08,44.52,"LYNDHURST SHAWMERE",6104725,"1977-07",1977,7,27.1,"",15.9,"",21.5,"",33.5,"",7.5,"",42.1,"",0,"",42.1,"",0,"",NA,NA,NA,NA
"152",-76.08,44.52,"LYNDHURST SHAWMERE",6104725,"1977-08",1977,8,23.8,"",14.5,"",19.2,"",29.5,"S",7.5,"S",142.2,"",0,"",142.2,"",0,"",NA,NA,NA,NA
"153",-76.08,44.52,"LYNDHURST SHAWMERE",6104725,"1977-09",1977,9,18.8,"",11.7,"",15.3,"",28.5,"",5.5,"",94.6,"",0,"",94.6,"",0,"",NA,NA,NA,NA
"154",-76.08,44.52,"LYNDHURST SHAWMERE",6104725,"1977-10",1977,10,12.8,"",3.7,"",8.3,"",20,"",-4,"",82.6,"",0,"",82.6,"",0,"",NA,NA,NA,NA
"155",-76.08,44.52,"LYNDHURST SHAWMERE",6104725,"1977-11",1977,11,7.3,"",0.3,"",3.8,"",20.5,"",-13,"",102.4,"",30,"",132.4,"",18,"",NA,NA,NA,NA
"156",-76.08,44.52,"LYNDHURST SHAWMERE",6104725,"1977-12",1977,12,-2,"",-10.6,"",-6.3,"",10,"",-29,"",31.4,"",129.6,"",161,"",55,"",NA,NA,NA,NA
"157",-76.08,44.52,"LYNDHURST SHAWMERE",6104725,"1978-01",1978,1,-6,"",-16.7,"",-11.4,"",6.5,"",-30,"",97.4,"",130.6,"",228,"",58,"",NA,NA,NA,NA
"158",-76.08,44.52,"LYNDHURST SHAWMERE",6104725,"1978-02",1978,2,-5.2,"",-20.4,"",-12.8,"",0.5,"",-34.5,"",0,"",18.9,"",18.9,"",59,"",NA,NA,NA,NA
"159",-76.08,44.52,"LYNDHURST SHAWMERE",6104725,"1978-03",1978,3,1.3,"",-10,"",-4.4,"",7.5,"",-26.5,"",47.4,"",32.4,"",79.8,"",35,"",NA,NA,NA,NA
"160",-76.08,44.52,"LYNDHURST SHAWMERE",6104725,"1978-04",1978,4,8.9,"",-1.3,"",3.8,"",17.5,"",-8,"",57.6,"",0.4,"",58,"",0,"",NA,NA,NA,NA
"161",-76.08,44.52,"LYNDHURST SHAWMERE",6104725,"1978-05",1978,5,20.6,"",8.2,"",14.4,"",32,"",-2.5,"",39.2,"",0,"T",39.2,"",0,"",NA,NA,NA,NA
"162",-76.08,44.52,"LYNDHURST SHAWMERE",6104725,"1978-06",1978,6,23.1,"",12.1,"",17.6,"",29.5,"S",5.5,"",38.8,"",0,"",38.8,"",0,"",NA,NA,NA,NA
"163",-76.08,44.52,"LYNDHURST SHAWMERE",6104725,"1978-07",1978,7,27.3,"",15.2,"",21.3,"",33.5,"",8.5,"",40.8,"",0,"",40.8,"",0,"",NA,NA,NA,NA
"164",-76.08,44.52,"LYNDHURST SHAWMERE",6104725,"1978-08",1978,8,25.7,"",15.1,"",20.4,"",33,"",9.5,"",80.6,"",0,"",80.6,"",0,"",NA,NA,NA,NA
"165",-76.08,44.52,"LYNDHURST SHAWMERE",6104725,"1978-09",1978,9,19.3,"",8.4,"",13.9,"",27,"",-0.5,"",58.8,"",0,"",58.8,"",0,"",NA,NA,NA,NA
"166",-76.08,44.52,"LYNDHURST SHAWMERE",6104725,"1978-10",1978,10,12.4,"",4.4,"",8.4,"",23,"",-4.5,"S",60.8,"",0,"T",60.8,"",0,"",NA,NA,NA,NA
"167",-76.08,44.52,"LYNDHURST SHAWMERE",6104725,"1978-11",1978,11,6.5,"",-2.4,"",2.1,"",16.5,"",-12.5,"",73.8,"",13.4,"",87.2,"",7,"",NA,NA,NA,NA
"168",-76.08,44.52,"LYNDHURST SHAWMERE",6104725,"1978-12",1978,12,0.5,"",-8.4,"",-4,"",9,"S",-25.5,"",51,"",45.8,"",96.8,"",18,"",NA,NA,NA,NA
"169",-76.08,44.52,"LYNDHURST SHAWMERE",6104725,"1979-01",1979,1,-4.4,"",-12.8,"",-8.6,"",8,"",-32.5,"",40.4,"",108.8,"",149.2,"",35,"",NA,NA,NA,NA
"170",-76.08,44.52,"LYNDHURST SHAWMERE",6104725,"1979-02",1979,2,-7.8,"",-20,"",-13.9,"",7,"S",-38,"",12.4,"",30.2,"",42.6,"",43,"",NA,NA,NA,NA
"171",-76.08,44.52,"LYNDHURST SHAWMERE",6104725,"1979-03",1979,3,6.7,"",-3.7,"",1.5,"",21,"",-16,"",42.8,"",3,"",45.8,"",0,"",NA,NA,NA,NA
"172",-76.08,44.52,"LYNDHURST SHAWMERE",6104725,"1979-04",1979,4,11.4,"",1.6,"",6.5,"",23.5,"",-5.5,"",84.5,"",23.5,"",108,"",0,"",NA,NA,NA,NA
"173",-76.08,44.52,"LYNDHURST SHAWMERE",6104725,"1979-05",1979,5,18.7,"",8.2,"",13.5,"",28.5,"S",1.5,"",102.2,"",0,"",102.2,"",NA,"M",NA,NA,NA,NA
"174",-76.08,44.52,"LYNDHURST SHAWMERE",6104725,"1979-06",1979,6,23.6,"",12,"",17.8,"",28.5,"S",5.5,"",22.2,"",0,"",22.2,"",0,"",NA,NA,NA,NA
"175",-76.08,44.52,"LYNDHURST SHAWMERE",6104725,"1979-07",1979,7,27.7,"",15.2,"",21.5,"",34,"",8,"S",99.2,"",0,"",99.2,"",NA,"M",NA,NA,NA,NA
"176",-76.08,44.52,"LYNDHURST SHAWMERE",6104725,"1979-08",1979,8,23.8,"",14.3,"",19.1,"",29.5,"",6,"",80.2,"",0,"",80.2,"",NA,"M",NA,NA,NA,NA
"177",-76.08,44.52,"LYNDHURST SHAWMERE",6104725,"1979-09",1979,9,20.5,"",10.1,"",15.3,"",28,"S",0.5,"",153,"",0,"",153,"",NA,"M",NA,NA,NA,NA
"178",-76.08,44.52,"LYNDHURST SHAWMERE",6104725,"1979-10",1979,10,12.7,"",5.4,"",9.1,"",25.5,"",-2,"",107,"",2.6,"",109.6,"",NA,"M",NA,NA,NA,NA
"179",-76.08,44.52,"LYNDHURST SHAWMERE",6104725,"1979-11",1979,11,8.9,"",1.9,"",5.4,"",19,"",-8,"",96.8,"",0,"T",96.8,"",0,"",NA,NA,NA,NA
"180",-76.08,44.52,"LYNDHURST SHAWMERE",6104725,"1979-12",1979,12,1.3,"",-6.1,"",-2.4,"",13.5,"",-19,"",58.2,"",9.6,"",67.8,"",0,"",NA,NA,NA,NA
"181",-76.08,44.52,"LYNDHURST SHAWMERE",6104725,"1980-01",1980,1,-2.7,"",-11.8,"",-7.3,"",10,"",-26.5,"",39.2,"",18.8,"",58,"",8,"",NA,NA,NA,NA
"182",-76.08,44.52,"LYNDHURST SHAWMERE",6104725,"1980-02",1980,2,-4.1,"",-15.4,"",-9.8,"",8.5,"",-24.5,"",0,"T",26.2,"",26.2,"",13,"",NA,NA,NA,NA
"183",-76.08,44.52,"LYNDHURST SHAWMERE",6104725,"1980-03",1980,3,3.1,"",-8,"",-2.5,"",13,"",-32.5,"",89.6,"",40.2,"",129.8,"",0,"",NA,NA,NA,NA
"184",-76.08,44.52,"LYNDHURST SHAWMERE",6104725,"1980-04",1980,4,12.1,"",1.9,"",7,"",20,"S",-5.5,"S",175.4,"",0,"T",175.4,"",NA,"M",NA,NA,NA,NA
"185",-76.08,44.52,"LYNDHURST SHAWMERE",6104725,"1980-05",1980,5,19.7,"",7.8,"",13.8,"",27.5,"",2.5,"S",41.8,"",0,"",41.8,"",NA,"M",NA,NA,NA,NA
"186",-76.08,44.52,"LYNDHURST SHAWMERE",6104725,"1980-06",1980,6,20.8,"",10.1,"",15.5,"",29.5,"",1,"",64.8,"",0,"",64.8,"",NA,"M",NA,NA,NA,NA
"187",-76.08,44.52,"LYNDHURST SHAWMERE",6104725,"1980-07",1980,7,25.8,"",15.6,"",20.7,"",29.5,"",10,"",153.2,"",0,"",153.2,"",NA,"M",NA,NA,NA,NA
"188",-76.08,44.52,"LYNDHURST SHAWMERE",6104725,"1980-08",1980,8,26.2,"",16.2,"",21.2,"",30,"S",11,"",75,"",0,"",75,"",NA,"M",NA,NA,NA,NA
"189",-76.08,44.52,"LYNDHURST SHAWMERE",6104725,"1980-09",1980,9,19.7,"",10,"",14.9,"",26.5,"",-0.5,"S",85.4,"",0,"",85.4,"",NA,"M",NA,NA,NA,NA
"190",-76.08,44.52,"LYNDHURST SHAWMERE",6104725,"1980-10",1980,10,11.6,"",3.2,"",7.4,"",23.5,"",-4,"",94.6,"",0.6,"",95.2,"",NA,"M",NA,NA,NA,NA
"191",-76.08,44.52,"LYNDHURST SHAWMERE",6104725,"1980-11",1980,11,4.4,"",-2.4,"",1,"",13.5,"",-11,"",71,"",7.8,"",78.8,"",1,"",NA,NA,NA,NA
"192",-76.08,44.52,"LYNDHURST SHAWMERE",6104725,"1980-12",1980,12,-3.9,"",-16,"",-10,"",10,"",-36,"",45.8,"",68,"",113.8,"",29,"",NA,NA,NA,NA
"193",-76.08,44.52,"LYNDHURST SHAWMERE",6104725,"1981-01",1981,1,-7.6,"",-20.4,"",-14,"",8,"",-42,"",1.6,"",30.2,"",31.8,"",25,"",NA,NA,NA,NA
"194",-76.08,44.52,"LYNDHURST SHAWMERE",6104725,"1981-02",1981,2,3,"E",-5.7,"",-1.4,"E",13,"E",-23.5,"",103.2,"",18.4,"",121.6,"",0,"",NA,NA,NA,NA
"195",-76.08,44.52,"LYNDHURST SHAWMERE",6104725,"1981-03",1981,3,4.6,"",-4.8,"",-0.1,"",19,"",-18,"",9.8,"",27.4,"",37.2,"",0,"",NA,NA,NA,NA
"196",-76.08,44.52,"LYNDHURST SHAWMERE",6104725,"1981-04",1981,4,12.8,"",2.4,"",7.6,"",23,"",-5.5,"",83.4,"",0.6,"",84,"",NA,"M",NA,NA,NA,NA
"197",-76.08,44.52,"LYNDHURST SHAWMERE",6104725,"1981-05",1981,5,18.4,"",6.8,"",12.6,"",26.5,"",-1.5,"",109.4,"",0,"",109.4,"",NA,"M",NA,NA,NA,NA
"198",-76.08,44.52,"LYNDHURST SHAWMERE",6104725,"1981-06",1981,6,23.1,"",12.9,"",18,"",30,"",6.5,"",130.4,"",0,"",130.4,"",NA,"M",NA,NA,NA,NA
"199",-76.08,44.52,"LYNDHURST SHAWMERE",6104725,"1981-07",1981,7,26.3,"",15.9,"",21.1,"",32.5,"",10.5,"",79,"",0,"",79,"",NA,"M",NA,NA,NA,NA
"200",-76.08,44.52,"LYNDHURST SHAWMERE",6104725,"1981-08",1981,8,24.4,"",14.5,"",19.5,"",28,"S",8.5,"S",116.4,"",0,"",116.4,"",NA,"M",NA,NA,NA,NA
"201",-76.08,44.52,"LYNDHURST SHAWMERE",6104725,"1981-09",1981,9,18,"",10.3,"",14.2,"",25.5,"",0,"",154.2,"",0,"",154.2,"",NA,"M",NA,NA,NA,NA
"202",-76.08,44.52,"LYNDHURST SHAWMERE",6104725,"1981-10",1981,10,10.7,"",2.3,"",6.5,"",17.5,"",-3,"",109,"",0.4,"",109.4,"",NA,"M",NA,NA,NA,NA
"203",-76.08,44.52,"LYNDHURST SHAWMERE",6104725,"1981-11",1981,11,6.3,"",-1,"",2.7,"",17,"",-9,"",51.6,"",5.4,"",57,"",0,"",NA,NA,NA,NA
"204",-76.08,44.52,"LYNDHURST SHAWMERE",6104725,"1981-12",1981,12,0.5,"",-6.2,"E",-2.9,"E",8,"",-16,"E",0.8,"",41,"",41.8,"",24,"",NA,NA,NA,NA
"205",-76.08,44.52,"LYNDHURST SHAWMERE",6104725,"1982-01",1982,1,-7.4,"",-19.7,"",-13.6,"",6,"",-34.5,"",21.2,"",46,"",67.2,"",35,"",NA,NA,NA,NA
"206",-76.08,44.52,"LYNDHURST SHAWMERE",6104725,"1982-02",1982,2,-2.9,"",-13.8,"",-8.4,"",7,"",-26,"",4.2,"",19,"",23.2,"",35,"",NA,NA,NA,NA
"207",-76.08,44.52,"LYNDHURST SHAWMERE",6104725,"1982-03",1982,3,3.3,"",-7.2,"",-2,"",18.5,"",-24.5,"",47.8,"",29,"",76.8,"",NA,"M",NA,NA,NA,NA
"208",-76.08,44.52,"LYNDHURST SHAWMERE",6104725,"1982-04",1982,4,10,"",-1.6,"",4.2,"",22.5,"",-13.5,"",50.5,"",4.2,"",54.7,"",NA,"M",NA,NA,NA,NA
"209",-76.08,44.52,"LYNDHURST SHAWMERE",6104725,"1982-05",1982,5,20.5,"",8.8,"",14.7,"",27,"",2.5,"",78.5,"",0,"",78.5,"",NA,"M",NA,NA,NA,NA
"210",-76.08,44.52,"LYNDHURST SHAWMERE",6104725,"1982-06",1982,6,21.3,"",11.8,"",16.6,"",27,"",7.5,"",95.8,"",0,"",95.8,"",NA,"M",NA,NA,NA,NA
"211",-76.08,44.52,"LYNDHURST SHAWMERE",6104725,"1982-07",1982,7,26.3,"",14.9,"",20.6,"",30.5,"S",8.5,"",102.5,"",0,"",102.5,"",NA,"M",NA,NA,NA,NA
"212",-76.08,44.52,"LYNDHURST SHAWMERE",6104725,"1982-08",1982,8,22.5,"",12.5,"",17.5,"",27.5,"S",5.5,"",88.1,"",0,"",88.1,"",NA,"M",NA,NA,NA,NA
"213",-76.08,44.52,"LYNDHURST SHAWMERE",6104725,"1982-09",1982,9,20.1,"",10.3,"",15.2,"",28.5,"",3,"",77,"",0,"",77,"",NA,"M",NA,NA,NA,NA
"214",-76.08,44.52,"LYNDHURST SHAWMERE",6104725,"1982-10",1982,10,14.6,"",4.9,"",9.8,"",21.5,"",-3,"",62.8,"",0,"",62.8,"",NA,"M",NA,NA,NA,NA
"215",-76.08,44.52,"LYNDHURST SHAWMERE",6104725,"1982-11",1982,11,8.2,"",1,"E",4.6,"E",18.5,"",-11,"",113.4,"",4.4,"",117.8,"",NA,"M",NA,NA,NA,NA
"216",-76.08,44.52,"LYNDHURST SHAWMERE",6104725,"1982-12",1982,12,3.5,"",-5.5,"",-1,"",18,"",-22.5,"",59.9,"",11.8,"",71.7,"",NA,"M",NA,NA,NA,NA
"217",-76.08,44.52,"LYNDHURST SHAWMERE",6104725,"1983-01",1983,1,-2,"",-10.6,"",-6.3,"",5,"S",-22,"",41.1,"",12.3,"",53.4,"",NA,"M",NA,NA,NA,NA
"218",-76.08,44.52,"LYNDHURST SHAWMERE",6104725,"1983-02",1983,2,-0.9,"",-9.9,"",-5.4,"",8.5,"",-26.5,"",68.6,"",16.2,"",84.8,"",0,"",NA,NA,NA,NA
"219",-76.08,44.52,"LYNDHURST SHAWMERE",6104725,"1983-03",1983,3,4.7,"",-4.2,"",0.3,"",16.5,"",-14.5,"",38.9,"",26.8,"",65.7,"",0,"T",NA,NA,NA,NA
"220",-76.08,44.52,"LYNDHURST SHAWMERE",6104725,"1983-04",1983,4,9.5,"",0.8,"",5.2,"",18.5,"",-7.5,"",92.5,"",18.7,"",111.2,"",0,"",NA,NA,NA,NA
"221",-76.08,44.52,"LYNDHURST SHAWMERE",6104725,"1983-05",1983,5,16.6,"",6.1,"",11.4,"",25,"",-1,"",93.9,"",0,"",93.9,"",0,"",NA,NA,NA,NA
"222",-76.08,44.52,"LYNDHURST SHAWMERE",6104725,"1983-06",1983,6,24.9,"",12.2,"",18.6,"",32,"",2.5,"",28.2,"",0,"",28.2,"",0,"",NA,NA,NA,NA
"223",-76.08,44.52,"LYNDHURST SHAWMERE",6104725,"1983-07",1983,7,28,"",16,"",22,"",33,"",9,"",57.4,"",0,"",57.4,"",0,"",NA,NA,NA,NA
"224",-76.08,44.52,"LYNDHURST SHAWMERE",6104725,"1983-08",1983,8,26.1,"",15.3,"",20.7,"",31,"",8,"",63.6,"",0,"",63.6,"",0,"",NA,NA,NA,NA
"225",-76.08,44.52,"LYNDHURST SHAWMERE",6104725,"1983-09",1983,9,22.7,"",11.9,"",17.3,"",29.5,"S",3.5,"",51.4,"",0,"",51.4,"",0,"",NA,NA,NA,NA
"226",-76.08,44.52,"LYNDHURST SHAWMERE",6104725,"1983-10",1983,10,13.6,"",4.6,"",9.1,"",27.5,"",-5,"",118.9,"",0,"T",118.9,"",0,"",NA,NA,NA,NA
"227",-76.08,44.52,"LYNDHURST SHAWMERE",6104725,"1983-11",1983,11,5.7,"",-1,"",2.4,"",15.5,"",-9,"",93.5,"",23.6,"",117.1,"",NA,"M",NA,NA,NA,NA
"228",-76.08,44.52,"LYNDHURST SHAWMERE",6104725,"1983-12",1983,12,-2.8,"",-10,"",-6.4,"",6.5,"",-27,"",90.5,"",45.3,"",135.8,"",25,"",NA,NA,NA,NA
"229",-76.08,44.52,"LYNDHURST SHAWMERE",6104725,"1984-01",1984,1,-6.4,"E",-17.3,"",-11.9,"E",3.5,"",-35,"S",6.6,"",43.4,"",50,"",35,"",NA,NA,NA,NA
"230",-76.08,44.52,"LYNDHURST SHAWMERE",6104725,"1984-02",1984,2,1.7,"E",-7.6,"",-3,"E",11.5,"S",-29,"",40.4,"",43.5,"",83.9,"",35,"",NA,NA,NA,NA
"231",-76.08,44.52,"LYNDHURST SHAWMERE",6104725,"1984-03",1984,3,-0.9,"E",-12.2,"E",-6.6,"E",9,"",-31,"S",5.2,"",26.4,"",31.6,"",NA,"M",NA,NA,NA,NA
"232",-76.08,44.52,"LYNDHURST SHAWMERE",6104725,"1984-04",1984,4,12.4,"",1.9,"",7.2,"",23.5,"",-6.5,"",143.6,"",0,"T",143.6,"",0,"",NA,NA,NA,NA
"233",-76.08,44.52,"LYNDHURST SHAWMERE",6104725,"1984-05",1984,5,15.4,"",6.1,"",10.8,"",28.5,"",-2,"",114.8,"",0,"T",114.8,"",0,"",NA,NA,NA,NA
"234",-76.08,44.52,"LYNDHURST SHAWMERE",6104725,"1984-06",1984,6,24.5,"E",12.3,"",18.4,"E",30,"",3,"",47.7,"",0,"",47.7,"",0,"",NA,NA,NA,NA
"235",-76.08,44.52,"LYNDHURST SHAWMERE",6104725,"1984-07",1984,7,25.8,"",15.1,"E",20.5,"E",30.5,"",7.5,"",85.4,"",0,"",85.4,"",0,"",NA,NA,NA,NA
"236",-76.08,44.52,"LYNDHURST SHAWMERE",6104725,"1984-08",1984,8,25.4,"",16.1,"",20.8,"",30.5,"",9,"",69.1,"",0,"",69.1,"",0,"",NA,NA,NA,NA
"237",-76.08,44.52,"LYNDHURST SHAWMERE",6104725,"1984-09",1984,9,18.6,"E",8.8,"",13.7,"E",24.5,"",0,"",40,"",0,"",40,"",NA,"M",NA,NA,NA,NA
"238",-76.08,44.52,"LYNDHURST SHAWMERE",6104725,"1984-10",1984,10,15.3,"",5.6,"",10.5,"",23,"",-3.5,"",29.2,"",0,"",29.2,"",0,"",NA,NA,NA,NA
"239",-76.08,44.52,"LYNDHURST SHAWMERE",6104725,"1984-11",1984,11,7.1,"",-1.2,"",3,"",19,"",-10.5,"",55.4,"",1.2,"",56.6,"",NA,"M",NA,NA,NA,NA
"240",-76.08,44.52,"LYNDHURST SHAWMERE",6104725,"1984-12",1984,12,3,"",-5.5,"",-1.3,"",14,"",-19,"",31,"",51.4,"",82.4,"",0,"",NA,NA,NA,NA
"241",-76.08,44.52,"LYNDHURST SHAWMERE",6104725,"1985-01",1985,1,-6.9,"",-16.8,"E",-11.9,"E",5.5,"",-30,"E",3.4,"",64.5,"",67.9,"",40,"",NA,NA,NA,NA
"242",-76.08,44.52,"LYNDHURST SHAWMERE",6104725,"1985-02",1985,2,-1.9,"E",-12.2,"E",-7.1,"E",7.5,"",-29,"",55.4,"",47.1,"E",102.5,"E",15,"",NA,NA,NA,NA
"243",-76.08,44.52,"LYNDHURST SHAWMERE",6104725,"1985-03",1985,3,4.4,"",-6.2,"",-0.9,"",16.5,"",-20,"",49.4,"",31.2,"",80.6,"",0,"T",NA,NA,NA,NA
"244",-76.08,44.52,"LYNDHURST SHAWMERE",6104725,"1985-04",1985,4,12.1,"",1.2,"",6.7,"",27,"",-9,"",24.3,"",14.7,"",39,"",0,"",NA,NA,NA,NA
"245",-76.08,44.52,"LYNDHURST SHAWMERE",6104725,"1985-05",1985,5,19.1,"",7.6,"",13.4,"",26,"S",-0.5,"",80.5,"",0,"",80.5,"",0,"",NA,NA,NA,NA
"246",-76.08,44.52,"LYNDHURST SHAWMERE",6104725,"1985-06",1985,6,20.5,"",10.9,"",15.7,"",28,"",5.5,"",85.3,"",0,"",85.3,"",0,"",NA,NA,NA,NA
"247",-76.08,44.52,"LYNDHURST SHAWMERE",6104725,"1985-07",1985,7,25.2,"",14.6,"",19.9,"",30.5,"",8.5,"",55.3,"",0,"",55.3,"",0,"",NA,NA,NA,NA
"248",-76.08,44.52,"LYNDHURST SHAWMERE",6104725,"1985-08",1985,8,24.4,"",14,"",19.2,"",31,"",9.5,"",81.7,"",0,"",81.7,"",0,"",NA,NA,NA,NA
"249",-76.08,44.52,"LYNDHURST SHAWMERE",6104725,"1985-09",1985,9,21.1,"",10.7,"",15.9,"",27,"",4.5,"S",126,"",0,"",126,"",0,"",NA,NA,NA,NA
"250",-76.08,44.52,"LYNDHURST SHAWMERE",6104725,"1985-10",1985,10,14.3,"",5.3,"",9.8,"",21.5,"",-2,"S",77.4,"",0,"",77.4,"",0,"",NA,NA,NA,NA
"251",-76.08,44.52,"LYNDHURST SHAWMERE",6104725,"1985-11",1985,11,5.4,"",-1.1,"",2.2,"",18.5,"",-7.5,"",88,"",13.4,"",101.4,"",1,"",NA,NA,NA,NA
"252",-76.08,44.52,"LYNDHURST SHAWMERE",6104725,"1985-12",1985,12,-2.5,"",-10.3,"E",-6.4,"E",11,"",-23,"",14.6,"",88.6,"E",103.2,"E",25,"",NA,NA,NA,NA
"253",-76.08,44.52,"LYNDHURST SHAWMERE",6104725,"1986-01",1986,1,-3.6,"",-12.9,"",-8.3,"",7,"",-30.5,"",18,"",27.8,"",45.8,"",NA,"M",NA,NA,NA,NA
"254",-76.08,44.52,"LYNDHURST SHAWMERE",6104725,"1986-02",1986,2,-4.2,"",-15.4,"E",-9.8,"E",4.5,"",-27,"",13.5,"",39.2,"E",52.7,"E",28,"",NA,NA,NA,NA
"255",-76.08,44.52,"LYNDHURST SHAWMERE",6104725,"1986-03",1986,3,4.7,"",-5.2,"",-0.3,"",22,"",-26.5,"",37.5,"",32.4,"",69.9,"",0,"",NA,NA,NA,NA
"256",-76.08,44.52,"LYNDHURST SHAWMERE",6104725,"1986-04",1986,4,14.9,"",2.9,"",8.9,"",26.5,"",-5,"",31.4,"",1.4,"",32.8,"",NA,"M",NA,NA,NA,NA
"257",-76.08,44.52,"LYNDHURST SHAWMERE",6104725,"1986-05",1986,5,19.8,"",9,"",14.4,"",30,"",-1.5,"",95.1,"",0,"T",95.1,"",0,"",NA,NA,NA,NA
"258",-76.08,44.52,"LYNDHURST SHAWMERE",6104725,"1986-06",1986,6,21.6,"",11.3,"",16.5,"",26.5,"",2,"",164.6,"",0,"",164.6,"",0,"",NA,NA,NA,NA
"259",-76.08,44.52,"LYNDHURST SHAWMERE",6104725,"1986-07",1986,7,24.8,"",15.1,"",20,"",30,"S",8.5,"",59.5,"",0,"",59.5,"",0,"",NA,NA,NA,NA
"260",-76.08,44.52,"LYNDHURST SHAWMERE",6104725,"1986-08",1986,8,23,"",13.9,"",18.5,"",28.5,"",5.5,"",207.6,"",0,"",207.6,"",0,"",NA,NA,NA,NA
"261",-76.08,44.52,"LYNDHURST SHAWMERE",6104725,"1986-09",1986,9,18.8,"",9.9,"",14.4,"",24.5,"",3,"S",145.2,"E",0,"",145.2,"E",0,"",NA,NA,NA,NA
"262",-76.08,44.52,"LYNDHURST SHAWMERE",6104725,"1986-10",1986,10,12.6,"",4.6,"",8.6,"",20.5,"",-5,"",75.5,"",0,"",75.5,"",0,"",NA,NA,NA,NA
"263",-76.08,44.52,"LYNDHURST SHAWMERE",6104725,"1986-11",1986,11,4.7,"",-2.1,"",1.3,"",15,"S",-10.5,"S",51.8,"",20.4,"",72.2,"",0,"T",NA,NA,NA,NA
"264",-76.08,44.52,"LYNDHURST SHAWMERE",6104725,"1986-12",1986,12,0.6,"",-5.8,"",-2.6,"",4,"",-19,"",87.5,"",10,"",97.5,"",9,"",NA,NA,NA,NA
"265",-76.08,44.52,"LYNDHURST SHAWMERE",6104725,"1987-01",1987,1,-2.9,"",-13,"E",-8,"E",4.5,"",-29,"S",4.2,"",59,"",63.2,"",27,"",NA,NA,NA,NA
"266",-76.08,44.52,"LYNDHURST SHAWMERE",6104725,"1987-02",1987,2,-3,"E",-17.4,"E",-10.2,"E",3.5,"S",-34,"",14.4,"",23.8,"",38.2,"",30,"",NA,NA,NA,NA
"267",-76.08,44.52,"LYNDHURST SHAWMERE",6104725,"1987-03",1987,3,6.1,"",-4.7,"",0.7,"",19,"",-20,"",48.7,"",5.2,"",53.9,"",1,"",NA,NA,NA,NA
"268",-76.08,44.52,"LYNDHURST SHAWMERE",6104725,"1987-04",1987,4,15,"",3.7,"",9.4,"",28,"S",-8.5,"",58.3,"",3.6,"",61.9,"",0,"",NA,NA,NA,NA
"269",-76.08,44.52,"LYNDHURST SHAWMERE",6104725,"1987-05",1987,5,18.8,"",8.2,"",13.5,"",29,"",-0.5,"",79.5,"",0,"",79.5,"",0,"",NA,NA,NA,NA
"270",-76.08,44.52,"LYNDHURST SHAWMERE",6104725,"1987-06",1987,6,24.2,"",13.5,"",18.9,"",30.5,"",6,"",77.4,"",0,"",77.4,"",0,"",NA,NA,NA,NA
"271",-76.08,44.52,"LYNDHURST SHAWMERE",6104725,"1987-07",1987,7,27.4,"",16.6,"",22,"",32.5,"",10,"",68.5,"",0,"",68.5,"",0,"",NA,NA,NA,NA
"272",-76.08,44.52,"LYNDHURST SHAWMERE",6104725,"1987-08",1987,8,24.9,"",13.8,"",19.4,"",31.5,"S",6.5,"S",83.4,"",0,"",83.4,"",0,"",NA,NA,NA,NA
"273",-76.08,44.52,"LYNDHURST SHAWMERE",6104725,"1987-09",1987,9,19.6,"",11,"",15.3,"",25,"S",2.5,"",157.4,"",0,"",157.4,"",0,"",NA,NA,NA,NA
"274",-76.08,44.52,"LYNDHURST SHAWMERE",6104725,"1987-10",1987,10,12.3,"",3.4,"",7.9,"",22,"",-4,"",76.3,"",0,"",76.3,"",0,"",NA,NA,NA,NA
"275",-76.08,44.52,"LYNDHURST SHAWMERE",6104725,"1987-11",1987,11,6.1,"",-1.4,"",2.4,"",18,"",-14,"",118.7,"",13.2,"",131.9,"",2,"",NA,NA,NA,NA
"276",-76.08,44.52,"LYNDHURST SHAWMERE",6104725,"1987-12",1987,12,1.7,"E",-5.2,"E",-1.8,"E",9.5,"",-19.5,"",31.3,"",27.6,"",58.9,"",4,"",NA,NA,NA,NA
"277",-76.08,44.52,"LYNDHURST SHAWMERE",6104725,"1988-01",1988,1,-1.1,"E",-11.8,"E",-6.5,"E",12.5,"",-27.5,"",21.5,"",20.6,"",42.1,"",0,"",NA,NA,NA,NA
"278",-76.08,44.52,"LYNDHURST SHAWMERE",6104725,"1988-02",1988,2,-2.1,"",-13.6,"",-7.9,"",7,"",-29.5,"",29.6,"",74.8,"",104.4,"",16,"",NA,NA,NA,NA
"279",-76.08,44.52,"LYNDHURST SHAWMERE",6104725,"1988-03",1988,3,3.8,"",-7.2,"E",-1.7,"E",20.5,"",-21,"S",31.1,"",4.6,"",35.7,"",0,"T",NA,NA,NA,NA
"280",-76.08,44.52,"LYNDHURST SHAWMERE",6104725,"1988-04",1988,4,11,"",1.6,"",6.3,"",19.5,"",-2.5,"S",72.9,"",2.6,"",75.5,"",0,"",NA,NA,NA,NA
"281",-76.08,44.52,"LYNDHURST SHAWMERE",6104725,"1988-05",1988,5,20,"",8.8,"",14.4,"",28,"",2,"S",57.1,"",0,"",57.1,"",0,"",NA,NA,NA,NA
"282",-76.08,44.52,"LYNDHURST SHAWMERE",6104725,"1988-06",1988,6,22.8,"",10.9,"",16.9,"",31.5,"",3.5,"",47.4,"",0,"",47.4,"",0,"",NA,NA,NA,NA
"283",-76.08,44.52,"LYNDHURST SHAWMERE",6104725,"1988-07",1988,7,28,"",16.3,"",22.2,"",34,"",10,"",87.8,"",0,"",87.8,"",0,"",NA,NA,NA,NA
"284",-76.08,44.52,"LYNDHURST SHAWMERE",6104725,"1988-08",1988,8,26.1,"",16.3,"",21.2,"",34,"",7,"",122.7,"",0,"",122.7,"",0,"",NA,NA,NA,NA
"285",-76.08,44.52,"LYNDHURST SHAWMERE",6104725,"1988-09",1988,9,20.1,"",9.8,"",15,"",26,"",3,"",48.1,"",0,"",48.1,"",0,"",NA,NA,NA,NA
"286",-76.08,44.52,"LYNDHURST SHAWMERE",6104725,"1988-10",1988,10,11,"E",3.5,"",7.3,"E",23.5,"",-6.5,"",124.3,"E",24.7,"",149,"E",NA,"M",NA,NA,NA,NA
"287",-76.08,44.52,"LYNDHURST SHAWMERE",6104725,"1988-11",1988,11,7.8,"",0.4,"",4.1,"",21.5,"",-6,"",91.7,"",1,"",92.7,"",0,"",NA,NA,NA,NA
"288",-76.08,44.52,"LYNDHURST SHAWMERE",6104725,"1988-12",1988,12,-0.8,"",-9.5,"",-5.2,"",10,"",-23.5,"",21.5,"",20,"",41.5,"",NA,"M",NA,NA,NA,NA
"289",-76.08,44.52,"LYNDHURST SHAWMERE",6104725,"1989-01",1989,1,0.3,"",-10.5,"",-5.1,"",7.5,"",-25,"S",21.4,"",26.6,"",48,"",NA,"M",NA,NA,NA,NA
"290",-76.08,44.52,"LYNDHURST SHAWMERE",6104725,"1989-02",1989,2,-3.7,"",-13,"",-8.4,"",5,"",-26,"S",6.3,"",39,"",45.3,"",NA,"M",NA,NA,NA,NA
"291",-76.08,44.52,"LYNDHURST SHAWMERE",6104725,"1989-03",1989,3,1.4,"",-9.4,"",-4,"",19,"",-25.5,"",23.6,"",38.8,"",62.4,"",NA,"M",NA,NA,NA,NA
"292",-76.08,44.52,"LYNDHURST SHAWMERE",6104725,"1989-04",1989,4,9.8,"",-1.5,"",4.2,"",18,"",-7,"S",37.9,"",3,"",40.9,"",0,"",NA,NA,NA,NA
"293",-76.08,44.52,"LYNDHURST SHAWMERE",6104725,"1989-05",1989,5,19.1,"",8.3,"",13.7,"",29,"",1,"",93,"",0,"",93,"",0,"",NA,NA,NA,NA
"294",-76.08,44.52,"LYNDHURST SHAWMERE",6104725,"1989-06",1989,6,23.9,"E",14,"",19,"E",30.5,"",7.5,"",110,"",0,"",110,"",0,"",NA,NA,NA,NA
"295",-76.08,44.52,"LYNDHURST SHAWMERE",6104725,"1989-07",1989,7,27.5,"",15.5,"",21.5,"",32.5,"",10,"",42.9,"",0,"",42.9,"",0,"",NA,NA,NA,NA
"296",-76.08,44.52,"LYNDHURST SHAWMERE",6104725,"1989-08",1989,8,24.6,"",14.6,"E",19.6,"E",30.5,"",6.5,"",66.6,"",0,"",66.6,"",0,"",NA,NA,NA,NA
"297",-76.08,44.52,"LYNDHURST SHAWMERE",6104725,"1989-09",1989,9,20.4,"",10.9,"",15.7,"",28,"",1.5,"",100.9,"",0,"",100.9,"",0,"",NA,NA,NA,NA
"298",-76.08,44.52,"LYNDHURST SHAWMERE",6104725,"1989-10",1989,10,14.2,"",4.3,"",9.3,"",24,"",-2.5,"",103.6,"",0,"T",103.6,"",0,"",NA,NA,NA,NA
"299",-76.08,44.52,"LYNDHURST SHAWMERE",6104725,"1989-11",1989,11,6.4,"",-2.2,"",2.1,"",18.5,"",-14.5,"",100.5,"",34.8,"",135.3,"",10,"",NA,NA,NA,NA
"300",-76.08,44.52,"LYNDHURST SHAWMERE",6104725,"1989-12",1989,12,-9,"",-21.2,"",-15.1,"",4.5,"",-36.5,"",9.9,"",61.6,"",71.5,"",26,"",NA,NA,NA,NA
"301",-76.08,44.52,"LYNDHURST SHAWMERE",6104725,"1990-01",1990,1,1.4,"",-6.8,"",-2.7,"",11,"",-19.5,"",21.6,"",43,"",64.6,"",19,"",NA,NA,NA,NA
"302",-76.08,44.52,"LYNDHURST SHAWMERE",6104725,"1990-02",1990,2,-0.6,"",-11.1,"",-5.9,"",9.5,"S",-26,"",53.4,"",35.6,"",89,"",NA,"M",NA,NA,NA,NA
"303",-76.08,44.52,"LYNDHURST SHAWMERE",6104725,"1990-03",1990,3,4.4,"",-6.2,"",-0.9,"",23,"S",-20.5,"S",45.2,"",9,"",54.2,"",NA,"M",NA,NA,NA,NA
"304",-76.08,44.52,"LYNDHURST SHAWMERE",6104725,"1990-04",1990,4,12.3,"",2.6,"",7.5,"",31,"",-7.5,"",96.8,"E",6,"",102.8,"E",0,"",NA,NA,NA,NA
"305",-76.08,44.52,"LYNDHURST SHAWMERE",6104725,"1990-05",1990,5,17,"",6.3,"",11.7,"",25.5,"",0,"",93.3,"",0,"",93.3,"",0,"",NA,NA,NA,NA
"306",-76.08,44.52,"LYNDHURST SHAWMERE",6104725,"1990-06",1990,6,22.6,"",13.6,"E",18.1,"E",30,"",5,"",98.8,"",0,"",98.8,"",0,"",NA,NA,NA,NA
"307",-76.08,44.52,"LYNDHURST SHAWMERE",6104725,"1990-07",1990,7,26.1,"",16,"",21.1,"",31,"S",9,"",58.6,"",0,"",58.6,"",0,"",NA,NA,NA,NA
"308",-76.08,44.52,"LYNDHURST SHAWMERE",6104725,"1990-08",1990,8,25.6,"",15.5,"",20.6,"",30,"",10,"",60.3,"",0,"",60.3,"",0,"",NA,NA,NA,NA
"309",-76.08,44.52,"LYNDHURST SHAWMERE",6104725,"1990-09",1990,9,19.2,"",9.9,"",14.6,"",27,"",0.5,"",57.8,"",0,"",57.8,"",0,"",NA,NA,NA,NA
"310",-76.08,44.52,"LYNDHURST SHAWMERE",6104725,"1990-10",1990,10,13.3,"",5.4,"",9.4,"",24.5,"",-5,"",114.7,"",0,"T",114.7,"",0,"",NA,NA,NA,NA
"311",-76.08,44.52,"LYNDHURST SHAWMERE",6104725,"1990-11",1990,11,7.9,"",0,"",4,"",19.5,"",-8,"",43.6,"",5.6,"",49.2,"",NA,"M",NA,NA,NA,NA
"312",-76.08,44.52,"LYNDHURST SHAWMERE",6104725,"1990-12",1990,12,2.5,"",-6.5,"",-2,"",10.5,"",-18,"",135.1,"",39.4,"",174.5,"",3,"",NA,NA,NA,NA
"313",-76.08,44.52,"LYNDHURST SHAWMERE",6104725,"1991-01",1991,1,-3.4,"",-13.4,"",-8.4,"",4.5,"",-31.5,"",10.2,"",70.4,"",80.6,"",30,"",NA,NA,NA,NA
"314",-76.08,44.52,"LYNDHURST SHAWMERE",6104725,"1991-02",1991,2,1,"",-9.4,"",-4.2,"",9,"S",-24,"",20.7,"",27.1,"",47.8,"",17,"",NA,NA,NA,NA
"315",-76.08,44.52,"LYNDHURST SHAWMERE",6104725,"1991-03",1991,3,4.6,"",-4.2,"E",0.2,"E",15,"",-13.5,"S",98,"",12.6,"",110.6,"",NA,"",NA,NA,NA,NA
"316",-76.08,44.52,"LYNDHURST SHAWMERE",6104725,"1991-04",1991,4,13.3,"",2.6,"",8,"",24,"S",-6,"",140.5,"",5,"",145.5,"",0,"",NA,NA,NA,NA
"317",-76.08,44.52,"LYNDHURST SHAWMERE",6104725,"1991-05",1991,5,21.3,"",9.8,"",15.6,"",28,"S",2,"S",82.3,"",0,"",82.3,"",0,"",NA,NA,NA,NA
"318",-76.08,44.52,"LYNDHURST SHAWMERE",6104725,"1991-06",1991,6,25,"",13.3,"",19.2,"",32.5,"",8,"",23.1,"",0,"",23.1,"",0,"",NA,NA,NA,NA
"319",-76.08,44.52,"LYNDHURST SHAWMERE",6104725,"1991-07",1991,7,27.1,"",15.4,"",21.3,"",32.5,"",10.5,"",41,"",0,"",41,"",0,"",NA,NA,NA,NA
"320",-76.08,44.52,"LYNDHURST SHAWMERE",6104725,"1991-08",1991,8,25.6,"",16,"E",20.8,"E",30.5,"S",9.5,"",109,"",0,"",109,"",0,"",NA,NA,NA,NA
"321",-76.08,44.52,"LYNDHURST SHAWMERE",6104725,"1991-09",1991,9,19.6,"",9.5,"",14.6,"",29,"",-1.5,"",82,"",0,"",82,"",0,"",NA,NA,NA,NA
"322",-76.08,44.52,"LYNDHURST SHAWMERE",6104725,"1991-10",1991,10,15.1,"",5.6,"",10.4,"",27.5,"",-3,"",80.1,"",0,"",80.1,"",0,"",NA,NA,NA,NA
"323",-76.08,44.52,"LYNDHURST SHAWMERE",6104725,"1991-11",1991,11,6.2,"",-0.8,"",2.7,"",18,"",-9,"",33.2,"",6,"",39.2,"",NA,"M",NA,NA,NA,NA
"324",-76.08,44.52,"LYNDHURST SHAWMERE",6104725,"1991-12",1991,12,-0.6,"",-9.4,"",-5,"",12,"",-25.5,"",20.6,"",45,"",65.6,"",9,"",NA,NA,NA,NA
"325",-76.08,44.52,"LYNDHURST SHAWMERE",6104725,"1992-01",1992,1,-3,"",-13.6,"",-8.3,"",4.5,"",-30,"",60.9,"",29.6,"",90.5,"",5,"",NA,NA,NA,NA
"326",-76.08,44.52,"LYNDHURST SHAWMERE",6104725,"1992-02",1992,2,-2,"",-12.1,"",-7,"",5.5,"",-32.5,"",21.9,"",64.5,"",86.4,"",25,"",NA,NA,NA,NA
"327",-76.08,44.52,"LYNDHURST SHAWMERE",6104725,"1992-03",1992,3,1.2,"",-11.4,"",-5.1,"",12,"",-25.5,"",42.1,"",38.7,"",80.8,"",3,"",NA,NA,NA,NA
"328",-76.08,44.52,"LYNDHURST SHAWMERE",6104725,"1992-04",1992,4,9.9,"",0.3,"",5.1,"",21.5,"",-7.5,"",44.6,"",11.5,"",56.1,"",0,"",NA,NA,NA,NA
"329",-76.08,44.52,"LYNDHURST SHAWMERE",6104725,"1992-05",1992,5,19,"",6.6,"",12.8,"",27,"S",0,"S",63.1,"",0,"",63.1,"",0,"",NA,NA,NA,NA
"330",-76.08,44.52,"LYNDHURST SHAWMERE",6104725,"1992-06",1992,6,21.9,"",11.3,"",16.7,"",28.5,"",5.5,"",34.2,"E",0,"",34.2,"E",0,"",NA,NA,NA,NA
"331",-76.08,44.52,"LYNDHURST SHAWMERE",6104725,"1992-07",1992,7,22.4,"",13.7,"",18.1,"",27.5,"",6.5,"",128.7,"",0,"",128.7,"",0,"",NA,NA,NA,NA
"332",-76.08,44.52,"LYNDHURST SHAWMERE",6104725,"1992-08",1992,8,22.7,"",13.7,"",18.3,"",28.5,"",8,"",133.2,"",0,"",133.2,"",0,"",NA,NA,NA,NA
"333",-76.08,44.52,"LYNDHURST SHAWMERE",6104725,"1992-09",1992,9,19.7,"",10.4,"",15.1,"",26,"",1.5,"",117.1,"",0,"",117.1,"",0,"",NA,NA,NA,NA
"334",-76.08,44.52,"LYNDHURST SHAWMERE",6104725,"1992-10",1992,10,11.2,"",2.6,"",7,"",20,"S",-5,"",60,"",3,"",63,"",0,"",NA,NA,NA,NA
"335",-76.08,44.52,"LYNDHURST SHAWMERE",6104725,"1992-11",1992,11,5.7,"",-0.5,"",2.6,"",17,"",-8.5,"S",95.5,"",5,"",100.5,"",0,"",NA,NA,NA,NA
"336",-76.08,44.52,"LYNDHURST SHAWMERE",6104725,"1992-12",1992,12,0.3,"E",-7.1,"E",-3.4,"E",8,"",-22.5,"",21.5,"",55.5,"",77,"",NA,"M",NA,NA,NA,NA
"337",-76.08,44.52,"LYNDHURST SHAWMERE",6104725,"1993-01",1993,1,-3.2,"",-11,"",-7.1,"",9.5,"",-21,"",65.1,"",53,"",118.1,"",16,"",NA,NA,NA,NA
"338",-76.08,44.52,"LYNDHURST SHAWMERE",6104725,"1993-02",1993,2,-5.9,"",-20.7,"",-13.3,"",4,"",-34,"S",0,"",75,"",75,"",55,"",NA,NA,NA,NA
"339",-76.08,44.52,"LYNDHURST SHAWMERE",6104725,"1993-03",1993,3,2.2,"",-9.1,"",-3.5,"",15,"",-27,"S",17.6,"",44.5,"",62.1,"",18,"",NA,NA,NA,NA
"340",-76.08,44.52,"LYNDHURST SHAWMERE",6104725,"1993-04",1993,4,10.7,"",1,"",5.9,"",21.5,"",-4.5,"",87.6,"",27,"",114.6,"",0,"",NA,NA,NA,NA
"341",-76.08,44.52,"LYNDHURST SHAWMERE",6104725,"1993-05",1993,5,18.5,"",7.5,"",13,"",28,"S",1,"",58.2,"",0,"",58.2,"",0,"",NA,NA,NA,NA
"342",-76.08,44.52,"LYNDHURST SHAWMERE",6104725,"1993-06",1993,6,22.2,"",12.1,"",17.2,"",28.5,"",5,"",122.6,"",0,"",122.6,"",0,"",NA,NA,NA,NA
"343",-76.08,44.52,"LYNDHURST SHAWMERE",6104725,"1993-07",1993,7,26.5,"",16.7,"",21.6,"",31.5,"",11.5,"",45.5,"",0,"",45.5,"",0,"",NA,NA,NA,NA
"344",-76.08,44.52,"LYNDHURST SHAWMERE",6104725,"1993-08",1993,8,26.7,"",15.7,"",21.2,"",31,"",9,"",97.3,"",0,"",97.3,"",0,"",NA,NA,NA,NA
"345",-76.08,44.52,"LYNDHURST SHAWMERE",6104725,"1993-09",1993,9,18.9,"",10,"",14.5,"",28.5,"",1.5,"S",94.6,"",0,"",94.6,"",0,"",NA,NA,NA,NA
"346",-76.08,44.52,"LYNDHURST SHAWMERE",6104725,"1993-10",1993,10,12.1,"",3.6,"",7.9,"",21,"",-3.5,"",78.8,"",4,"",82.8,"",0,"",NA,NA,NA,NA
"347",-76.08,44.52,"LYNDHURST SHAWMERE",6104725,"1993-11",1993,11,5.6,"",-0.9,"",2.4,"",13,"",-13,"",100.1,"",3,"",103.1,"",0,"",NA,NA,NA,NA
"348",-76.08,44.52,"LYNDHURST SHAWMERE",6104725,"1993-12",1993,12,-1.1,"",-8.8,"",-5,"",8.5,"",-32.5,"",29.7,"",46.8,"",76.5,"",25,"",NA,NA,NA,NA
"349",-76.08,44.52,"LYNDHURST SHAWMERE",6104725,"1994-01",1994,1,-9.8,"",-22.3,"",-16.1,"",8,"",-36.5,"S",23,"",49.9,"E",72.9,"E",28,"",NA,NA,NA,NA
"350",-76.08,44.52,"LYNDHURST SHAWMERE",6104725,"1994-02",1994,2,-4.9,"",-17.7,"",-11.3,"",13.5,"",-32.5,"",0.9,"",57.8,"",58.7,"",42,"",NA,NA,NA,NA
"351",-76.08,44.52,"LYNDHURST SHAWMERE",6104725,"1994-03",1994,3,2.7,"",-7.9,"",-2.6,"",11,"",-23.5,"",15.2,"",32.7,"",47.9,"",13,"",NA,NA,NA,NA
"352",-76.08,44.52,"LYNDHURST SHAWMERE",6104725,"1994-04",1994,4,11.5,"",1,"",6.3,"",26.5,"",-8,"",83.3,"",22.8,"",106.1,"",NA,"M",NA,NA,NA,NA
"353",-76.08,44.52,"LYNDHURST SHAWMERE",6104725,"1994-05",1994,5,17.2,"",6,"",11.6,"",26.5,"",-1,"",83,"",0.2,"",83.2,"",0,"",NA,NA,NA,NA
"354",-76.08,44.52,"LYNDHURST SHAWMERE",6104725,"1994-06",1994,6,24.4,"",13.4,"E",19,"E",33.5,"",6,"",83.7,"",0,"",83.7,"",0,"",NA,NA,NA,NA
"355",-76.08,44.52,"LYNDHURST SHAWMERE",6104725,"1994-07",1994,7,26.7,"",16.8,"",21.7,"",31.5,"",12,"S",54.6,"",0,"",54.6,"",0,"",NA,NA,NA,NA
"356",-76.08,44.52,"LYNDHURST SHAWMERE",6104725,"1994-08",1994,8,23.6,"",13.7,"",18.7,"",28,"S",8.5,"",77.6,"",0,"",77.6,"",0,"",NA,NA,NA,NA
"357",-76.08,44.52,"LYNDHURST SHAWMERE",6104725,"1994-09",1994,9,20.5,"",10.9,"",15.7,"",26.5,"",5,"",48.4,"",0,"",48.4,"",0,"",NA,NA,NA,NA
"358",-76.08,44.52,"LYNDHURST SHAWMERE",6104725,"1994-10",1994,10,14.8,"",4.7,"",9.8,"",22.5,"",-1.5,"",34.8,"",0,"",34.8,"",0,"",NA,NA,NA,NA
"359",-76.08,44.52,"LYNDHURST SHAWMERE",6104725,"1994-11",1994,11,9.2,"",0.8,"",5,"",17.5,"S",-10,"",95.9,"",4.1,"",100,"",NA,"M",NA,NA,NA,NA
"360",-76.08,44.52,"LYNDHURST SHAWMERE",6104725,"1994-12",1994,12,1.8,"",-5.8,"",-2,"",10.5,"",-18.5,"S",34.2,"",26,"",60.2,"",NA,"M",NA,NA,NA,NA
"361",-76.08,44.52,"LYNDHURST SHAWMERE",6104725,"1995-01",1995,1,-0.7,"",-8.1,"",-4.4,"",16.5,"",-24,"",79.4,"",41,"",120.4,"",3,"",NA,NA,NA,NA
"362",-76.08,44.52,"LYNDHURST SHAWMERE",6104725,"1995-02",1995,2,-4.2,"",-14.5,"",-9.4,"",6.5,"",-30,"",2.4,"",32.2,"",34.6,"",18,"",NA,NA,NA,NA
"363",-76.08,44.52,"LYNDHURST SHAWMERE",6104725,"1995-03",1995,3,7,"",-5.2,"",0.9,"",19,"",-25.5,"",16.8,"",10.6,"",27.4,"",0,"",NA,NA,NA,NA
"364",-76.08,44.52,"LYNDHURST SHAWMERE",6104725,"1995-04",1995,4,9.2,"",-0.3,"",4.5,"",16.5,"",-12,"",58.9,"",1.8,"",60.7,"",0,"",NA,NA,NA,NA
"365",-76.08,44.52,"LYNDHURST SHAWMERE",6104725,"1995-05",1995,5,18.8,"",7.7,"",13.3,"",25.5,"S",-0.5,"",68.6,"",0,"",68.6,"",0,"",NA,NA,NA,NA
"366",-76.08,44.52,"LYNDHURST SHAWMERE",6104725,"1995-06",1995,6,25.8,"",13.9,"",19.9,"",31.5,"",7.5,"",30,"",0,"",30,"",0,"",NA,NA,NA,NA
"367",-76.08,44.52,"LYNDHURST SHAWMERE",6104725,"1995-07",1995,7,26.9,"",16.6,"",21.8,"",32.5,"",9.5,"",99.5,"",0,"",99.5,"",0,"",NA,NA,NA,NA
"368",-76.08,44.52,"LYNDHURST SHAWMERE",6104725,"1995-08",1995,8,26.4,"",15.3,"",20.9,"",31.5,"S",10,"S",75.1,"",0,"",75.1,"",0,"",NA,NA,NA,NA
"369",-76.08,44.52,"LYNDHURST SHAWMERE",6104725,"1995-09",1995,9,19,"",8.5,"",13.8,"",26.5,"S",1,"",71,"",0,"",71,"",0,"",NA,NA,NA,NA
"370",-76.08,44.52,"LYNDHURST SHAWMERE",6104725,"1995-10",1995,10,15.3,"",7.3,"",11.3,"",23.5,"",-2,"",172.5,"",0,"T",172.5,"",0,"",NA,NA,NA,NA
"371",-76.08,44.52,"LYNDHURST SHAWMERE",6104725,"1995-11",1995,11,3.4,"",-3.5,"",0,"",17,"",-16,"",57,"",65.7,"",122.7,"",12,"",NA,NA,NA,NA
"372",-76.08,44.52,"LYNDHURST SHAWMERE",6104725,"1995-12",1995,12,-3.9,"",-11.1,"",-7.6,"",5,"",-20,"S",9.4,"",32,"",41.4,"",22,"",NA,NA,NA,NA
"373",-76.08,44.52,"LYNDHURST SHAWMERE",6104725,"1996-01",1996,1,-3.8,"",-14.5,"",-9.2,"",13.5,"",-34,"",61.8,"",33.6,"E",95.4,"E",16,"",NA,NA,NA,NA
"374",-76.08,44.52,"LYNDHURST SHAWMERE",6104725,"1996-02",1996,2,-2.4,"",-11.4,"",-6.9,"",8,"S",-29,"",86.1,"",9.6,"",95.7,"",3,"",NA,NA,NA,NA
"375",-76.08,44.52,"LYNDHURST SHAWMERE",6104725,"1996-03",1996,3,2.3,"",-8.9,"",-3.3,"",19,"",-19.5,"",10.7,"",24.4,"",35.1,"",0,"T",NA,NA,NA,NA
"376",-76.08,44.52,"LYNDHURST SHAWMERE",6104725,"1996-04",1996,4,9.5,"",0.4,"",4.9,"",20,"",-7,"",94.6,"",7.1,"",101.7,"",0,"",NA,NA,NA,NA
"377",-76.08,44.52,"LYNDHURST SHAWMERE",6104725,"1996-05",1996,5,17.6,"",6.3,"",12,"",27.5,"",1.5,"S",80.1,"",0,"T",80.1,"",0,"",NA,NA,NA,NA
"378",-76.08,44.52,"LYNDHURST SHAWMERE",6104725,"1996-06",1996,6,23.6,"",14.4,"",19,"",29,"",5.5,"",75.5,"E",0,"",75.5,"E",0,"",NA,NA,NA,NA
"379",-76.08,44.52,"LYNDHURST SHAWMERE",6104725,"1996-07",1996,7,24.8,"",15.2,"",20,"",28.5,"",11,"",126.7,"",0,"",126.7,"",0,"",NA,NA,NA,NA
"380",-76.08,44.52,"LYNDHURST SHAWMERE",6104725,"1996-08",1996,8,25.4,"",15.4,"",20.4,"",30,"",9.5,"",82.6,"",0,"",82.6,"",0,"",NA,NA,NA,NA
"381",-76.08,44.52,"LYNDHURST SHAWMERE",6104725,"1996-09",1996,9,20.9,"",12.3,"",16.6,"",29,"S",4,"",177.7,"",0,"",177.7,"",0,"",NA,NA,NA,NA
"382",-76.08,44.52,"LYNDHURST SHAWMERE",6104725,"1996-10",1996,10,12.8,"",4.9,"",8.9,"",22.5,"",-2,"",81.5,"",0,"",81.5,"",0,"",NA,NA,NA,NA
"383",-76.08,44.52,"LYNDHURST SHAWMERE",6104725,"1996-11",1996,11,3.6,"",-3.3,"",0.1,"",20.5,"",-13,"",81.8,"",10,"",91.8,"",3,"",NA,NA,NA,NA
"384",-76.08,44.52,"LYNDHURST SHAWMERE",6104725,"1996-12",1996,12,2.1,"",-2.8,"",-0.4,"",13,"",-17,"",75.5,"",28,"",103.5,"",7,"",NA,NA,NA,NA
"385",-76.08,44.52,"LYNDHURST SHAWMERE",6104725,"1997-01",1997,1,-3.4,"",-13.6,"",-8.5,"",9.5,"",-26,"S",39.2,"",53.8,"",93,"",21,"",NA,NA,NA,NA
"386",-76.08,44.52,"LYNDHURST SHAWMERE",6104725,"1997-02",1997,2,0.1,"",-10,"",-5,"",8,"",-26,"",38,"",21.2,"",59.2,"",5,"",NA,NA,NA,NA
"387",-76.08,44.52,"LYNDHURST SHAWMERE",6104725,"1997-03",1997,3,2.1,"E",-9,"",-3.3,"E",15.5,"E",-25,"",24.4,"",71.2,"",95.6,"",15,"",NA,NA,NA,NA
"388",-76.08,44.52,"LYNDHURST SHAWMERE",6104725,"1997-04",1997,4,10.5,"",-1.4,"",4.6,"",21.5,"",-11.5,"",40.2,"E",4.6,"",44.8,"E",NA,"M",NA,NA,NA,NA
"389",-76.08,44.52,"LYNDHURST SHAWMERE",6104725,"1997-05",1997,5,15.3,"",5.6,"",10.5,"",23,"",-1.5,"",66.8,"",0,"T",66.8,"",0,"",NA,NA,NA,NA
"390",-76.08,44.52,"LYNDHURST SHAWMERE",6104725,"1997-06",1997,6,25.6,"",13.6,"",19.6,"",31,"",7,"",74.3,"",0,"",74.3,"",0,"",NA,NA,NA,NA
"391",-76.08,44.52,"LYNDHURST SHAWMERE",6104725,"1997-07",1997,7,26.1,"",14.9,"",20.5,"",31.5,"",9,"",60.7,"",0,"",60.7,"",0,"",NA,NA,NA,NA
"392",-76.08,44.52,"LYNDHURST SHAWMERE",6104725,"1997-08",1997,8,23.9,"",13.7,"",18.8,"",30,"S",9,"",134.8,"",0,"",134.8,"",0,"",NA,NA,NA,NA
"393",-76.08,44.52,"LYNDHURST SHAWMERE",6104725,"1997-09",1997,9,19.3,"",10.8,"",15.1,"",25,"",1,"",107.2,"",0,"",107.2,"",0,"",NA,NA,NA,NA
"394",-76.08,44.52,"LYNDHURST SHAWMERE",6104725,"1997-10",1997,10,13.8,"",3.6,"",8.7,"",23.5,"S",-5,"",46.5,"",0,"T",46.5,"",0,"",NA,NA,NA,NA
"395",-76.08,44.52,"LYNDHURST SHAWMERE",6104725,"1997-11",1997,11,4.9,"",-1.4,"",1.8,"",17,"",-10,"",72.2,"",29.2,"",101.4,"",0,"T",NA,NA,NA,NA
"396",-76.08,44.52,"LYNDHURST SHAWMERE",6104725,"1997-12",1997,12,-0.3,"",-6.9,"",-3.6,"",7.5,"",-18,"",11.2,"",20.8,"",32,"",10,"",NA,NA,NA,NA
"397",-76.08,44.52,"LYNDHURST SHAWMERE",6104725,"1998-01",1998,1,-2.2,"",-10,"",-6.1,"",8,"",-28,"",104,"",44,"",148,"",22,"",NA,NA,NA,NA
"398",-76.08,44.52,"LYNDHURST SHAWMERE",6104725,"1998-02",1998,2,2.2,"",-7.6,"E",-2.7,"E",9.5,"",-21,"",34.1,"",4,"",38.1,"",6,"",NA,NA,NA,NA
"399",-76.08,44.52,"LYNDHURST SHAWMERE",6104725,"1998-03",1998,3,4.9,"",-4.1,"",0.4,"",24.5,"",-18.5,"",54.5,"",36.6,"",91.1,"",0,"",NA,NA,NA,NA
"400",-76.08,44.52,"LYNDHURST SHAWMERE",6104725,"1998-04",1998,4,14.2,"",2,"",8.1,"",23,"",-2.5,"S",41.1,"",0,"",41.1,"",0,"",NA,NA,NA,NA
"401",-76.08,44.52,"LYNDHURST SHAWMERE",6104725,"1998-05",1998,5,22.9,"",10.6,"",16.8,"",30,"",3,"",48.1,"",0,"",48.1,"",0,"",NA,NA,NA,NA
"402",-76.08,44.52,"LYNDHURST SHAWMERE",6104725,"1998-06",1998,6,23.3,"",14.3,"",18.8,"",30.5,"",6.5,"S",152.3,"",0,"",152.3,"",0,"",NA,NA,NA,NA
"403",-76.08,44.52,"LYNDHURST SHAWMERE",6104725,"1998-07",1998,7,25,"",15.9,"",20.5,"",29,"S",12,"S",138.5,"E",0,"",138.5,"E",0,"",NA,NA,NA,NA
"404",-76.08,44.52,"LYNDHURST SHAWMERE",6104725,"1998-08",1998,8,25.2,"",16,"",20.6,"",30,"",9.5,"",107.5,"",0,"",107.5,"",0,"",NA,NA,NA,NA
"405",-76.08,44.52,"LYNDHURST SHAWMERE",6104725,"1998-09",1998,9,21.4,"",11.8,"",16.7,"",27.5,"",3.5,"",81.8,"",0,"",81.8,"",0,"",NA,NA,NA,NA
"406",-76.08,44.52,"LYNDHURST SHAWMERE",6104725,"1998-10",1998,10,14.5,"",6,"",10.3,"",23.5,"",1,"S",46.8,"",0,"",46.8,"",0,"",NA,NA,NA,NA
"407",-76.08,44.52,"LYNDHURST SHAWMERE",6104725,"1998-11",1998,11,7.3,"",0.8,"",4,"",18,"",-8,"",46.1,"",7,"",53.1,"",0,"",NA,NA,NA,NA
"408",-76.08,44.52,"LYNDHURST SHAWMERE",6104725,"1998-12",1998,12,3.8,"",-4.8,"",-0.5,"",16.5,"",-24,"",34,"",3,"",37,"",1,"",NA,NA,NA,NA
"409",-76.08,44.52,"LYNDHURST SHAWMERE",6104725,"1999-01",1999,1,-5.1,"I",-15.3,"I",-10.5,"I",6.5,"I",-30,"I",35.7,"I",86.4,"I",122.1,"I",NA,"M",NA,NA,NA,NA
"410",-76.08,44.52,"LYNDHURST SHAWMERE",6104725,"1999-02",1999,2,0,"I",-11,"I",-5.5,"I",5.5,"I",-21.5,"I",13.9,"I",3,"I",16.9,"I",9,"",NA,NA,NA,NA
"411",-76.08,44.52,"LYNDHURST SHAWMERE",6104725,"1999-03",1999,3,2.3,"",-9.1,"",-3.4,"",17.5,"",-27,"",34.2,"",57.4,"",91.6,"",8,"",NA,NA,NA,NA
"412",-76.08,44.52,"LYNDHURST SHAWMERE",6104725,"1999-04",1999,4,12.8,"",0.6,"",6.7,"",21,"",-5,"",18.6,"",0,"",18.6,"",0,"",NA,NA,NA,NA
"413",-76.08,44.52,"LYNDHURST SHAWMERE",6104725,"1999-05",1999,5,22.3,"",8.2,"",15.3,"",28.5,"",1.5,"S",28.2,"",0,"",28.2,"",0,"",NA,NA,NA,NA
"414",-76.08,44.52,"LYNDHURST SHAWMERE",6104725,"1999-06",1999,6,25.5,"",13.8,"",19.7,"",32,"",6,"",74.6,"",0,"",74.6,"",0,"",NA,NA,NA,NA
"415",-76.08,44.52,"LYNDHURST SHAWMERE",6104725,"1999-07",1999,7,28,"",16.3,"",22.2,"",32.5,"S",10.5,"",59.6,"",0,"",59.6,"",0,"",NA,NA,NA,NA
"416",-76.08,44.52,"LYNDHURST SHAWMERE",6104725,"1999-08",1999,8,24.1,"",13.7,"",18.9,"",30,"",7.5,"",86.5,"",0,"",86.5,"",0,"",NA,NA,NA,NA
"417",-76.08,44.52,"LYNDHURST SHAWMERE",6104725,"1999-09",1999,9,22.4,"",11.7,"",17.1,"",32.5,"",3.5,"",149.4,"",0,"",149.4,"",0,"",NA,NA,NA,NA
"418",-76.08,44.52,"LYNDHURST SHAWMERE",6104725,"1999-10",1999,10,13.2,"",3.3,"",8.3,"",21,"",-4,"",71.6,"",0,"",71.6,"",0,"",NA,NA,NA,NA
"419",-76.08,44.52,"LYNDHURST SHAWMERE",6104725,"1999-11",1999,11,9.3,"E",0.9,"E",5.1,"E",17.5,"S",-6,"E",85.8,"",0,"T",85.8,"",0,"",NA,NA,NA,NA
"420",-76.08,44.52,"LYNDHURST SHAWMERE",6104725,"1999-12",1999,12,1.8,"E",-7.3,"E",-2.5,"I",16,"E",-25.5,"E",38.5,"",30,"",68.5,"",14,"",NA,NA,NA,NA
"421",-76.08,44.52,"LYNDHURST SHAWMERE",6104725,"2000-01",2000,1,-3.5,"",-13.3,"E",-8.5,"E",10.5,"",-29,"",40.7,"",18.4,"",59.1,"",12,"",NA,NA,NA,NA
"422",-76.08,44.52,"LYNDHURST SHAWMERE",6104725,"2000-02",2000,2,0.5,"E",-13,"",-6.3,"E",14,"",-31,"",24,"",60.2,"",84.2,"",0,"T",NA,NA,NA,NA
"423",-76.08,44.52,"LYNDHURST SHAWMERE",6104725,"2000-03",2000,3,7.9,"E",-3.7,"",2.1,"E",19,"E",-13,"S",50.2,"",15,"",65.2,"",0,"",NA,NA,NA,NA
"424",-76.08,44.52,"LYNDHURST SHAWMERE",6104725,"2000-04",2000,4,9.6,"",1.4,"",5.5,"",22,"",-5.5,"",126.7,"",13,"",139.7,"",0,"",NA,NA,NA,NA
"425",-76.08,44.52,"LYNDHURST SHAWMERE",6104725,"2000-05",2000,5,18.4,"",8.5,"",13.5,"",26.5,"S",1.5,"S",104.3,"",0,"",104.3,"",0,"",NA,NA,NA,NA
"426",-76.08,44.52,"LYNDHURST SHAWMERE",6104725,"2000-06",2000,6,21.8,"",12.3,"",17,"",28,"",5,"",134.5,"",0,"",134.5,"",0,"",NA,NA,NA,NA
"427",-76.08,44.52,"LYNDHURST SHAWMERE",6104725,"2000-07",2000,7,23.8,"",14.5,"",19.2,"",28,"",10,"S",136.9,"",0,"",136.9,"",0,"",NA,NA,NA,NA
"428",-76.08,44.52,"LYNDHURST SHAWMERE",6104725,"2000-08",2000,8,24.3,"E",14.7,"E",19.5,"E",28,"E",9,"B",72.4,"",0,"",72.4,"",0,"",NA,NA,NA,NA
"429",-76.08,44.52,"LYNDHURST SHAWMERE",6104725,"2000-09",2000,9,19.4,"",9.8,"",14.6,"",29.5,"",-1,"",100.3,"",0,"",100.3,"",0,"",NA,NA,NA,NA
"430",-76.08,44.52,"LYNDHURST SHAWMERE",6104725,"2000-10",2000,10,14,"E",4.6,"E",9.5,"I",22.5,"E",-2.5,"E",32.3,"",0,"",32.3,"",0,"",NA,NA,NA,NA
"431",-76.08,44.52,"LYNDHURST SHAWMERE",6104725,"2000-11",2000,11,5.5,"E",-1.2,"E",2,"I",15.5,"E",-14.5,"E",58,"E",8,"",66,"E",0,"",NA,NA,NA,NA
"432",-76.08,44.52,"LYNDHURST SHAWMERE",6104725,"2000-12",2000,12,-4.7,"I",-14.5,"I",-9.8,"I",4,"I",-28,"I",25,"E",50.6,"",75.6,"E",22,"",NA,NA,NA,NA
"433",-76.08,44.52,"LYNDHURST SHAWMERE",6104725,"2001-01",2001,1,-1.6,"I",-11.9,"I",-6.8,"I",4.5,"I",-24,"I",2.8,"",29.2,"",32,"",37,"",NA,NA,NA,NA
"434",-76.08,44.52,"LYNDHURST SHAWMERE",6104725,"2001-02",2001,2,NA,"",NA,"",NA,"",NA,"",NA,"",NA,"",NA,"",NA,"",NA,"",NA,NA,NA,NA
"435",-76.08,44.52,"LYNDHURST SHAWMERE",6104725,"2001-03",2001,3,2.7,"",-7.1,"E",-2.2,"E",11,"",-18.5,"",16.8,"",39.4,"",56.2,"",23,"",NA,NA,NA,NA
"436",-76.08,44.52,"LYNDHURST SHAWMERE",6104725,"2001-04",2001,4,13.7,"E",0.7,"E",7.4,"E",27,"E",-6,"B",23,"",0,"T",23,"",0,"",NA,NA,NA,NA
"437",-76.08,44.52,"LYNDHURST SHAWMERE",6104725,"2001-05",2001,5,20.6,"E",8.4,"E",14.6,"E",28.5,"E",2,"",67.1,"",0,"",67.1,"",0,"",NA,NA,NA,NA
"438",-76.08,44.52,"LYNDHURST SHAWMERE",6104725,"2001-06",2001,6,24.6,"",12.8,"E",18.7,"E",31.5,"S",4,"",46.2,"",0,"",46.2,"",0,"",NA,NA,NA,NA
"439",-76.08,44.52,"LYNDHURST SHAWMERE",6104725,"2001-07",2001,7,25.8,"",14.6,"",20.2,"",33,"",9,"S",24.2,"",0,"",24.2,"",0,"",NA,NA,NA,NA
"440",-76.08,44.52,"LYNDHURST SHAWMERE",6104725,"2001-08",2001,8,28.2,"",16.1,"",22.2,"",36,"",8.5,"",58.1,"",0,"",58.1,"",0,"",NA,NA,NA,NA
"441",-76.08,44.52,"LYNDHURST SHAWMERE",6104725,"2001-09",2001,9,21.4,"",11.1,"",16.3,"",30.5,"S",3,"",108.4,"",0,"",108.4,"",0,"",NA,NA,NA,NA
"442",-76.08,44.52,"LYNDHURST SHAWMERE",6104725,"2001-10",2001,10,15,"E",5.9,"E",10.5,"E",24,"",-4,"",92.1,"",0,"T",92.1,"",0,"",NA,NA,NA,NA
"443",-76.08,44.52,"LYNDHURST SHAWMERE",6104725,"2001-11",2001,11,9.9,"E",1.9,"E",5.9,"E",19,"",-5.5,"",81.5,"",0,"T",81.5,"",0,"",NA,NA,NA,NA
"444",-76.08,44.52,"LYNDHURST SHAWMERE",6104725,"2001-12",2001,12,3.9,"I",-3.7,"E",-0.3,"I",18,"I",-13.5,"E",39.5,"E",25.4,"E",64.9,"E",6,"",NA,NA,NA,NA
"445",-76.08,44.52,"LYNDHURST SHAWMERE",6104725,"2002-01",2002,1,1.7,"E",-6.1,"E",-2.2,"E",9.5,"",-18.5,"",8.3,"",43.6,"",51.9,"",0,"T",NA,NA,NA,NA
"446",-76.08,44.52,"LYNDHURST SHAWMERE",6104725,"2002-02",2002,2,NA,"",NA,"",NA,"",NA,"",NA,"",NA,"",NA,"",NA,"",NA,"",NA,NA,NA,NA
"447",-76.08,44.52,"LYNDHURST SHAWMERE",6104725,"2002-03",2002,3,4,"E",-5.6,"E",-0.8,"E",19,"",-15,"",55.8,"",30.6,"",86.4,"",0,"T",NA,NA,NA,NA
"448",-76.08,44.52,"LYNDHURST SHAWMERE",6104725,"2002-04",2002,4,11.5,"E",1.5,"E",6.3,"E",27,"E",-10,"E",94.9,"",7.3,"",102.2,"",0,"",NA,NA,NA,NA
"449",-76.08,44.52,"LYNDHURST SHAWMERE",6104725,"2002-05",2002,5,15.9,"",5.8,"",10.8,"",26.5,"",-0.5,"",120.4,"",0,"T",120.4,"",0,"",NA,NA,NA,NA
"450",-76.08,44.52,"LYNDHURST SHAWMERE",6104725,"2002-06",2002,6,22.9,"",12.2,"",17.6,"",29,"",3.5,"",136.5,"",0,"",136.5,"",0,"",NA,NA,NA,NA
"451",-76.08,44.52,"LYNDHURST SHAWMERE",6104725,"2002-07",2002,7,27.3,"E",16.4,"E",21.9,"E",32.5,"S",9.5,"",18.9,"E",0,"",18.9,"E",0,"",NA,NA,NA,NA
"452",-76.08,44.52,"LYNDHURST SHAWMERE",6104725,"2002-08",2002,8,27.3,"",15.1,"E",21.2,"E",34,"",9,"",20.9,"",0,"",20.9,"",0,"",NA,NA,NA,NA
"453",-76.08,44.52,"LYNDHURST SHAWMERE",6104725,"2002-09",2002,9,24,"E",12.4,"E",18.2,"E",33,"",4,"",88.2,"",0,"",88.2,"",0,"",NA,NA,NA,NA
"454",-76.08,44.52,"LYNDHURST SHAWMERE",6104725,"2002-10",2002,10,12,"E",3.6,"E",7.8,"E",26,"",-6,"B",85.2,"",0,"T",85.2,"",0,"",NA,NA,NA,NA
"455",-76.08,44.52,"LYNDHURST SHAWMERE",6104725,"2002-11",2002,11,5.7,"E",-1.7,"E",2.1,"I",19,"E",-12,"E",39.8,"",34.9,"E",74.7,"E",NA,"M",NA,NA,NA,NA
"456",-76.08,44.52,"LYNDHURST SHAWMERE",6104725,"2002-12",2002,12,0.6,"E",-7.7,"E",-3.5,"E",9.5,"",-20.5,"",13.8,"",9.1,"",22.9,"",0,"T",NA,NA,NA,NA
"457",-76.08,44.52,"LYNDHURST SHAWMERE",6104725,"2003-01",2003,1,-6.2,"I",-20.6,"I",-12.1,"I",1,"I",-32.5,"I",0,"",64.4,"E",64.4,"E",35,"",NA,NA,NA,NA
"458",-76.08,44.52,"LYNDHURST SHAWMERE",6104725,"2003-02",2003,2,-5.1,"E",-17.1,"E",-11.2,"E",5,"",-32.5,"",22.8,"",22.5,"",45.3,"",30,"E",NA,NA,NA,NA
"459",-76.08,44.52,"LYNDHURST SHAWMERE",6104725,"2003-03",2003,3,3.6,"E",-8.7,"E",-2.5,"E",19,"",-30.5,"",39.2,"",21.4,"",60.6,"",0,"T",NA,NA,NA,NA
"460",-76.08,44.52,"LYNDHURST SHAWMERE",6104725,"2003-04",2003,4,9.4,"E",-1.7,"E",3.9,"E",25.5,"",-12,"E",30,"",23.2,"",53.2,"",0,"",NA,NA,NA,NA
"461",-76.08,44.52,"LYNDHURST SHAWMERE",6104725,"2003-05",2003,5,18.5,"",7,"E",12.8,"E",26.5,"",-1,"",119.4,"",0,"",119.4,"",0,"",NA,NA,NA,NA
"462",-76.08,44.52,"LYNDHURST SHAWMERE",6104725,"2003-06",2003,6,23.3,"E",11.9,"",17.6,"E",31,"",3,"",59,"",0,"",59,"",0,"",NA,NA,NA,NA
"463",-76.08,44.52,"LYNDHURST SHAWMERE",6104725,"2003-07",2003,7,26.2,"E",15.2,"E",20.7,"E",31,"",10.5,"S",89,"",0,"",89,"",0,"",NA,NA,NA,NA
"464",-76.08,44.52,"LYNDHURST SHAWMERE",6104725,"2003-08",2003,8,26.5,"",16.1,"E",21.3,"E",30.5,"",8,"",95.9,"",0,"",95.9,"",0,"",NA,NA,NA,NA
"465",-76.08,44.52,"LYNDHURST SHAWMERE",6104725,"2003-09",2003,9,22.6,"E",11.4,"E",17.1,"E",29,"B",3.5,"E",86.3,"",0,"",86.3,"",0,"",NA,NA,NA,NA
"466",-76.08,44.52,"LYNDHURST SHAWMERE",6104725,"2003-10",2003,10,12.6,"",3.3,"",8,"",24.5,"",-2,"",136.7,"",0,"T",136.7,"",0,"",NA,NA,NA,NA
"467",-76.08,44.52,"LYNDHURST SHAWMERE",6104725,"2003-11",2003,11,7.9,"E",-0.2,"E",3.9,"E",18,"",-9.5,"",128.3,"",6,"",134.3,"",2,"",NA,NA,NA,NA
"468",-76.08,44.52,"LYNDHURST SHAWMERE",6104725,"2003-12",2003,12,0.8,"E",-7,"E",-3.1,"E",10.5,"",-17.5,"",83.1,"",25.6,"",108.7,"",0,"",NA,NA,NA,NA
"469",-76.08,44.52,"LYNDHURST SHAWMERE",6104725,"2004-01",2004,1,-8.5,"",-19.1,"",-13.9,"",9,"",-36,"",6.6,"",46,"",52.6,"",25,"",NA,NA,NA,NA
"470",-76.08,44.52,"LYNDHURST SHAWMERE",6104725,"2004-02",2004,2,-0.8,"",-13.4,"E",-7.1,"E",7,"S",-29,"",5,"",30.6,"",35.6,"",27,"",NA,NA,NA,NA
"471",-76.08,44.52,"LYNDHURST SHAWMERE",6104725,"2004-03",2004,3,5.8,"E",-3.4,"E",1.2,"E",18,"E",-13,"",35.8,"",14.8,"",50.6,"",0,"",NA,NA,NA,NA
"472",-76.08,44.52,"LYNDHURST SHAWMERE",6104725,"2004-04",2004,4,11.7,"E",1.1,"E",6.4,"E",26,"",-10.5,"",105.3,"",2,"",107.3,"",0,"",NA,NA,NA,NA
"473",-76.08,44.52,"LYNDHURST SHAWMERE",6104725,"2004-05",2004,5,19.1,"E",8.3,"E",13.7,"E",29.5,"",-1,"",103.7,"",0,"",103.7,"",0,"",NA,NA,NA,NA
"474",-76.08,44.52,"LYNDHURST SHAWMERE",6104725,"2004-06",2004,6,22.5,"E",11.3,"E",16.9,"E",28,"",6,"S",82.6,"E",0,"",82.6,"E",0,"",NA,NA,NA,NA
"475",-76.08,44.52,"LYNDHURST SHAWMERE",6104725,"2004-07",2004,7,25.3,"E",15.7,"",20.5,"E",30,"",11,"",151.8,"",0,"",151.8,"",0,"",NA,NA,NA,NA
"476",-76.08,44.52,"LYNDHURST SHAWMERE",6104725,"2004-08",2004,8,23.7,"E",14.5,"E",19.2,"E",28,"",8,"",76.6,"",0,"",76.6,"",0,"",NA,NA,NA,NA
"477",-76.08,44.52,"LYNDHURST SHAWMERE",6104725,"2004-09",2004,9,22.2,"",11.8,"E",17,"E",27,"",5.5,"E",145.4,"",0,"",145.4,"",0,"",NA,NA,NA,NA
"478",-76.08,44.52,"LYNDHURST SHAWMERE",6104725,"2004-10",2004,10,14.5,"E",5.3,"",9.9,"E",24,"",-1,"",57.8,"",0,"",57.8,"",0,"",NA,NA,NA,NA
"479",-76.08,44.52,"LYNDHURST SHAWMERE",6104725,"2004-11",2004,11,7.6,"",-0.5,"E",3.5,"E",15,"",-8,"",100.4,"",1,"",101.4,"",0,"",NA,NA,NA,NA
"480",-76.08,44.52,"LYNDHURST SHAWMERE",6104725,"2004-12",2004,12,-0.4,"",-9.2,"",-4.8,"",10.5,"",-28.5,"",92.6,"",31.8,"",124.4,"",9,"",NA,NA,NA,NA
